name,address,gu
강남YMCA점,서울 강남구 논현동,강남구
강남구청역아이티웨딩점,"서울 강남구 학동로 338 (논현동, 강남파라곤)",강남구
강남논현학동점,서울 강남구 논현로131길 28 (논현동),강남구
강남대치점,"서울 강남구 역삼로 415 (대치동, 성진빌딩)",강남구
강남도산점,서울 강남구 도산대로37길 20 (신사동),강남구
강남율현점,"서울 강남구 밤고개로21길 8 (율현동, 세곡프라자)",강남구
강남자곡점,"서울 강남구 자곡로 180 (자곡동, 강남유탑유블레스)",강남구
개포동역점,"서울 강남구 개포로82길 11 (개포동, 삼우빌딩)",강남구
건설회관점,서울 강남구 언주로 711 (논현동),강남구
대청역점,"서울 강남구 개포로109길 34 (개포동, 대청프라자)",강남구
도곡2동점,"서울 강남구 논현로 142 (도곡동, 동현빌딩)",강남구
도산사거리점,서울 강남구 논현동 ,강남구
삼성대치점,"서울 강남구 삼성로64길 32 (대치동, 주성빌딩)",강남구
삼성동점,서울 강남구 테헤란로88길 10 (대치동),강남구
삼성중앙역점,"서울 강남구 삼성로 608 (삼성동, 우창빌딩)",강남구
삼성한전점,서울 강남구 테헤란로107길 11 (삼성동),강남구
선릉사거리점,"서울 강남구 선릉로 519 (역삼동, 삼능빌딩)",강남구
선릉역점,"서울 강남구 테헤란로 332 (역삼동, HJ타워)",강남구
선정릉역점,서울 강남구 봉은사로 326 (역삼동),강남구
수서역점,"서울 강남구 광평로 280 (수서동, 로즈데일오피스텔)",강남구
신사역점,서울 강남구 압구정로2길 62 (신사동),강남구
신사점,서울 강남구 도산대로 118 (논현동),강남구
압구정로데오역점,서울 강남구 선릉로161길 20 (신사동),강남구
역삼더블루점,"서울 강남구 논현로63길 16 (역삼동, 역삼종합시장 더블루)",강남구
역삼상록점,"서울 강남구 테헤란로43길 18 (역삼동, SC빌딩)",강남구
역삼역점,서울 강남구 테헤란로25길 17 (역삼동),강남구
역삼월드점,"서울 강남구 역삼로52길 14 (역삼동, 도곡프라자)",강남구
역삼점,서울 강남구 논현로72길 13 (역삼동),강남구
역삼중앙점,서울 강남구 언주로81길 8 (역삼동),강남구
역삼충현점,서울 강남구 논현로98길 7 (역삼동),강남구
역삼플래티넘점,"서울 강남구 테헤란로4길 46 (역삼동, 쌍용플래티넘밸류)",강남구
을지병원사거리점,서울 강남구 도산대로30길 7 (논현동),강남구
이디야커피랩,"서울 강남구 논현로 636 (논현동, 이디야빌딩)",강남구
일원동점,서울 강남구 양재대로27길 20 (일원동),강남구
청담사거리점,서울 강남구 도산대로 521 (청담동),강남구
청담역점,"서울 강남구 삼성로 721 (청담동, 룩희 819)",강남구
포이사거리점,서울 강남구 개포로 218 (개포동),강남구
학동역점,"서울 강남구 학동로 219 (논현동, 국제빌딩)",강남구
학동제마점,서울 강남구 학동로34길 22 (논현동),강남구
한티역점,서울 강남구 도곡로69길 8 (대치동),강남구
가오리역점,서울 강북구 삼각산로 108 (수유동),강북구
강북경찰서점,서울 강북구 오패산로 403 (번동),강북구
광산사거리점,"서울 강북구 노해로 91 (수유동, 진흥빌딩)",강북구
미아꿈의숲해링턴점,"서울 강북구 오현로 45 (미아동, 꿈의숲 해링턴 플레이스)",강북구
미아삼거리역점,서울 강북구 도봉로10길 28 (미아동),강북구
미아삼거리점,"서울 강북구 도봉로 45 (미아동, 숭인시장)",강북구
미아송천점,서울 강북구 삼양로 118 (미아동),강북구
미아역점,서울 강북구 도봉로 207 -3(미아동),강북구
미아중앙점,서울 강북구 도봉로 128 (미아동),강북구
번동점,"서울 강북구 오현로 194 (번동, 덕수빌딩)",강북구
북한산점,서울 강북구 4.19로 85 (수유동),강북구
삼각산점,서울 강북구 솔샘로40길 3 (미아동),강북구
수유1동점,서울 강북구 삼양로 293 (수유동),강북구
수유사거리점,"서울 강북구 덕릉로 82 (수유동, 제네스타워)",강북구
수유역점,서울 강북구 도봉로 355 (수유동),강북구
우이역도선사점,서울 강북구 삼양로173길 21 (우이동),강북구
한신대점,서울 강북구 덕릉로 31 (수유동),강북구
가양역점,서울 강서구 양천로 500 (등촌동),강서구
강서nc점,서울 강서구 강서로54길 11 (등촌동),강서구
강서교차로점,"서울 강서구 공항대로 437 (등촌동, 주신기업(주))",강서구
강서구청점,"서울 강서구 화곡로 292 (화곡동, 서광프리메라)",강서구
강서한강자이점,서울 강서구 양천로 401 (가양동),강서구
개화산점,"서울 강서구 양천로 28 (방화동, 벽산에어트리움)",강서구
곰달래사거리점,서울 강서구 곰달래로 52 (화곡동),강서구
공항시장역점,"서울 강서구 방화동로 37 (방화동, 메디스타워)",강서구
까치산로점,서울 강서구 까치산로 182 (화곡동),강서구
까치산역점,서울 강서구 강서로17길 6 (화곡동),강서구
내발산점,"서울 강서구 강서로 304 (내발산동, 영종빌딩)",강서구
등촌역점,서울 강서구 등촌로 217 (등촌동),강서구
등촌중앙점,"서울 강서구 등촌로 67 (등촌동, 컴스웨이빌딩)",강서구
렘넌트문화센터점,"서울 강서구 화곡로63길 65 (등촌동, 예원교회)",강서구
마곡나루역점,"서울 강서구 마곡중앙5로 6 (마곡동, 마곡나루역보타닉푸르지오시티)",강서구
마곡수명산점,"서울 강서구 수명로 68-27 (내발산동, 웨스트엔드문화센터)",강서구
마곡역점,"서울 강서구 공항대로 195 (마곡동, 힐스테이트에코동익)",강서구
마곡퀸즈파크9점,"서울 강서구 공항대로 247 (마곡동, 퀸즈파크나인)",강서구
마곡파인스퀘어점,"서울 강서구 마곡중앙4로 22 (마곡동, 파인스퀘어)",강서구
마곡헤리움점,"서울 강서구 마곡중앙5로1길 25 (마곡동, 마곡헤리움2차)",강서구
방화동로점,서울 강서구 방화동로 95 (방화동),강서구
방화사거리점,"서울 강서구 양천로 72 (방화동, 해성빌딩)",강서구
서울공진초교점,"서울 강서구 마곡중앙1로 26 (마곡동, 마곡엠리체)",강서구
송정역점,서울 강서구 공항대로 24 (공항동),강서구
신방화중앙점,"서울 강서구 방화대로34길 92 (방화동, 불해빌딩)",강서구
염창동점,서울 강서구 양천로 689 (염창동),강서구
염창블루나인점,서울 강서구 양천로 583 (염창동),강서구
우장산동점,서울 강서구 우현로 15 (화곡동),강서구
화곡남부시장점,서울 강서구 등촌로5길 80 (화곡동),강서구
화곡로점,서울 강서구 화곡로 133 (화곡동),강서구
화곡본동시장점,서울 강서구 까치산로4길 11 (화곡동),강서구
화곡사거리점,서울 강서구 곰달래로 135 (화곡동),강서구
화곡중앙시장점,서울 강서구 가로공원로76길 61 (화곡동),강서구
관악구청점,"서울 관악구 관악로 164 (봉천동, 대우디오슈페리움1단지)",관악구
관악우성점,서울 관악구 관악로 232 (봉천동),관악구
관악하나로마트점,"서울 관악구 남부순환로 1369 (신림동, 관악농협농산물백화점)",관악구
낙성대역점,서울 관악구 남부순환로 1915 (봉천동),관악구
난곡사거리점,서울 관악구 남부순환로 1444 (신림동),관악구
난향동점,서울 관악구 난곡로 60 (신림동),관악구
남현홈플러스점,"서울 관악구 과천대로 909 (남현동, 남현프라자)",관악구
녹두거리점,서울 관악구 신림로 91 (신림동),관악구
보라매중앙점,"서울 관악구 보라매로 62 (봉천동, 보라매삼성아파트)",관악구
봉일시장점,서울 관악구 은천로 23 (봉천동),관악구
봉천역점,서울 관악구 남부순환로 1725 (봉천동),관악구
봉천중앙점,서울 관악구 남부순환로 1874 (봉천동),관악구
사당중앙점,서울 관악구 과천대로 951 (남현동),관악구
서울대중앙점,서울 관악구 남부순환로216길 2 (봉천동),관악구
신대방역점,서울 관악구 난곡로 368 (신림동),관악구
신림난곡점,서울 관악구 난곡로 197 (신림동),관악구
신림남부초교점,서울 관악구 남부순환로 1541-1 (신림동),관악구
신림대학동점,서울 관악구 호암로26길 17 (신림동),관악구
신림문화교점,서울 관악구 신림로 262-1 (신림동),관악구
신림미성점,서울 관악구 난곡로 250 (신림동),관악구
신림신원점,서울 관악구 신원로 16 (신림동),관악구
신림신화교점,서울 관악구 신림로 199 (신림동),관악구
신림역점,서울 관악구 신림로 312 (신림동),관악구
신림중앙점,서울 관악구 관천로 52 (신림동),관악구
신림패션문화점,서울 관악구 봉천로6길 24 (신림동),관악구
인헌점,서울 관악구 인헌길 17 (봉천동),관악구
청룡중앙점,"서울 관악구 쑥고개로 80 (봉천동, 제이빌딩)",관악구
건대로데오점,서울 광진구 아차산로30길 8 (자양동),광진구
건대스타시티2호점,"서울 광진구 능동로 92 (자양동, 스타시티몰) 지하 2층 201호",광진구
건대스타시티점,"서울 광진구 아차산로 272 (자양동, 더샵스타시티)",광진구
건대역점,"서울 광진구 아차산로 229 (화양동, 한림타워)",광진구
건대후문점,"서울 광진구 광나루로 416 (화양동, 건회빌딩)",광진구
광나루점,서울 광진구 아차산로 624 (광장동),광진구
광진구청점,서울 광진구 자양로 136 (구의동),광진구
구의사거리점,서울 광진구 광나루로 508 (구의동),광진구
구의역점,서울 광진구 구의로 4 (구의동),광진구
구의자양로점,서울 광진구 자양로 251 (구의동),광진구
군자역점,"서울 광진구 능동로 290 (능동, 삼일빌딩)",광진구
동서울터미널점,서울 광진구 구의동 ,광진구
뚝섬유원지역점,서울 광진구 능동로 21 (자양동),광진구
세종대정문점,서울 광진구 능동로 261 (군자동),광진구
세종대후문점,서울 광진구 군자로 109 (군자동),광진구
아차산역점,서울 광진구 천호대로 663 (구의동),광진구
어린이대공원역점,서울 광진구 광나루로 380 (화양동),광진구
자양동점,서울 광진구 자양로 46 (자양동),광진구
자양우성점,"서울 광진구 자양번영로 34 (자양동, 제이원하이텔)",광진구
중곡대원점,서울 광진구 용마산로 111 (중곡동),광진구
중곡신성점,"서울 광진구 용마산로 37 (중곡동, 이안빌딩)",광진구
중곡역점,서울 광진구 능동로 407 (중곡동),광진구
중곡중앙점,서울 광진구 능동로 330 (중곡동),광진구
가산그레이트점,서울 금천구 디지털로9길 32 (가산동),금천구
가산대륭19차점,서울 금천구 가산디지털2로 70 (가산동),금천구
가산두산위브점,서울 금천구 가산로 111 (가산동),금천구
가산리더스타워점,서울 금천구 벚꽃로 286 (가산동),금천구
가산벽산점,서울 금천구 벚꽃로 244 (가산동),금천구
가산에이스점,서울 금천구 가산디지털1로 196 (가산동),금천구
가산오거리점,"서울 금천구 가산로 155 (가산동, 케이디에스빌딩)",금천구
가산월드점,서울 금천구 가산디지털2로 123 (가산동),금천구
가산하이엔드10차점,"서울 금천구 가산디지털1로 30 (가산동, 에이스하이엔드타워10)",금천구
금천롯데마트점,"서울 금천구 시흥대로 291 (독산동, 금천롯데캐슬골드파크3차)",금천구
독산동쌈지공원점,서울 금천구 독산로 276 (독산동),금천구
독산동점,"서울 금천구 독산로 218 (독산동, 창영빌딩)",금천구
독산롯데시네마점,서울 금천구 시흥대로 399 (독산동),금천구
박미삼거리점,서울 금천구 시흥대로 150 (시흥동),금천구
석수푸르지오점,"서울 금천구 삼성산길 11 (시흥동, 위너스타워)",금천구
세광교회점,서울 금천구 독산로 124 (시흥동),금천구
시흥동점,서울 금천구 시흥동,금천구
시흥사거리점,서울 금천구 시흥대로63길 8 (시흥동),금천구
시흥유통센터점,"서울 금천구 시흥대로 88 (시흥동, 오복빌딩)",금천구
시흥중앙점,서울 금천구 금하로 748 (시흥동),금천구
에이스가산포휴점,"서울 금천구 가산디지털1로 225 (가산동, 에이스 가산 포휴(지식산업센터))",금천구
은행나무사거리점,서울 금천구 금하로 690 (시흥동),금천구
공릉역점,서울 노원구 동일로192길 5 (공릉동),노원구
광운대점,서울 노원구 광운로 29 (월계동),노원구
노원사거리점,서울 노원구 동일로 1393 (상계동),노원구
노원중앙점,서울 노원구 노원로 452 (상계동),노원구
당고개역점,서울 노원구 상계로 313 (상계동),노원구
마들역점,서울 노원구 동일로 1541 (상계동),노원구
상계동점,서울 노원구 한글비석로52길 8 (상계동),노원구
상계역사거리점,서울 노원구 한글비석로 409 (상계동) 1~2층,노원구
상계역점,서울 노원구 덕릉로 698 (중계동),노원구
상계중앙점,서울 노원구 동일로 1650 (상계동),노원구
서울여대점,서울 노원구 노원로 3 (공릉동),노원구
세이브존노원점,"서울 노원구 한글비석로 57 (하계동, 세이브존)",노원구
수락산역점,"서울 노원구 동일로 1689 (상계동, 하이베라스)",노원구
원자력병원점,서울 노원구 공릉로46길 6 (공릉동),노원구
월계이마트점,"서울 노원구 마들로3길 15 (월계동, 월계이마트)",노원구
월계인덕점,서울 노원구 광운로22길 39 (월계동),노원구
월계초교점,서울 노원구 월계동 ,노원구
중계롯데우성점,서울 노원구 노원로22길 70 (중계동),노원구
중계본동점,서울 노원구 중계로14바길 2 (중계동),노원구
중계브라운스톤점,"서울 노원구 동일로203가길 29 (중계동, 브라운스톤중계)",노원구
중계점,서울 노원구 동일로204가길 34 (중계동),노원구
중계중앙점,서울 노원구 덕릉로73길 18 (중계동),노원구
태릉입구역점,"서울 노원구 공릉로 105 (공릉동, 성종빌딩)",노원구
하계온천점,서울 노원구 노원로 257 (하계동),노원구
덕성여대점,서울 도봉구 삼양로 542 (쌍문동),도봉구
도봉보건소사거리점,서울 도봉구 해등로 157 (쌍문동),도봉구
도봉산점,서울 도봉구 도봉산길 18 (도봉동),도봉구
도봉역점,서울 도봉구 도봉로 823 (도봉동),도봉구
도봉중앙점,서울 도봉구 도봉로181길 18 (도봉동),도봉구
방학사거리점,서울 도봉구 도봉로 677 (방학동),도봉구
방학역점,서울 도봉구 도봉로153길 15 (방학동),도봉구
방학점,서울 도봉구 방학로 171 (방학동),도봉구
방학중앙점,서울 도봉구 도당로13길 22 (방학동),도봉구
선덕고사거리점,"서울 도봉구 해등로 255 (쌍문동, 에벤에셀아파트)",도봉구
솔밭공원역점,"서울 도봉구 삼양로 594 (쌍문동, 주함해븐빌)",도봉구
신창점,서울 도봉구 덕릉로 235 (창동),도봉구
쌍문동점,서울 도봉구 노해로 162 (쌍문동),도봉구
쌍문역점,서울 도봉구 도봉로117길 4 (쌍문동),도봉구
쌍문중앙점,서울 도봉구 도봉로 519 (쌍문동),도봉구
창동대우점,서울 도봉구 덕릉로63가길 30 (창동),도봉구
창동블루핀점,서울 도봉구 마들로 550 (창동),도봉구
창동역점,서울 도봉구 마들로11길 65 (창동),도봉구
창동제일점,서울 도봉구 노해로70길 81 (창동),도봉구
창동하나로마트점,"서울 도봉구 마들로11길 20 (창동, 농협창동유통센타)",도봉구
창동학원가점,서울 도봉구 해등로16길 61 (창동),도봉구
창동현대타운점,서울 도봉구 도봉로114길 22 (창동),도봉구
남성역점,서울 동작구 사당로17가길 13 (사당동),동작구
노들점,서울 동작구 노량진로 200 (노량진동),동작구
노량진CTS점,서울 동작구 노량진로 110 (노량진동),동작구
노량진드림스퀘어점,"서울 동작구 노들로2길 7 (노량진동, 노량진 드림스퀘어 복합빌딩)",동작구
노량진역사점,"서울 동작구 노량진로 지하 130 (노량진동, 9호선 노량진역)",동작구
대림성모점,서울 동작구 시흥대로 658 (신대방동),동작구
대방역점,"서울 동작구 노량진로 24 (대방동, 한신빌딩)",동작구
보라매공원점,서울 동작구 여의대방로 90 (신대방동),동작구
보라매점,"서울 동작구 보라매로5가길 16 (신대방동, 보라매아카데미타워)",동작구
사당역점,서울 동작구 동작대로7길 100 (사당동),동작구
사당점,서울 동작구 동작대로 45 (사당동),동작구
상도역점,서울 동작구 상도로 277 (상도1동),동작구
상도중앙점,서울 동작구 만양로 17 (상도동),동작구
숭실대점,서울 동작구 사당로 2 (상도동),동작구
신대방삼거리점,서울 동작구 상도로 78 (대방동),동작구
신상도초교점,서울 동작구 양녕로 183 (상도동),동작구
중앙대점,서울 동작구 흑석로 79 (흑석동),동작구
중앙대후문점,서울 동작구 흑석로 20 (상도동),동작구
총신대입구역점,서울 동작구 동작대로 119-1 (사당동),동작구
총신대점,"서울 동작구 사당로16가길 96 (사당동) 1,2층",동작구
해군회관점,서울 동작구 여의대방로 194 (대방동),동작구
흑석역점,서울 동작구 현충로 100-1 (흑석동),동작구
공덕롯데캐슬점,"서울 마포구 마포대로 109 (공덕동, 롯데캐슬프레지던트)",마포구
공덕점,서울 마포구 마포대로8길 15 (공덕동),마포구
광흥창역점,"서울 마포구 창전로 45 (창전동, 서강한화오벨리스크)",마포구
마포공덕역점,서울 마포구 새창로 6 (도화동),마포구
마포구청점,서울 마포구 월드컵로 196 (성산동),마포구
마포성산시영점,서울 마포구 월드컵북로 210 (성산동),마포구
마포점,서울 마포구 도화길 10 (도화동),마포구
망리단길점,"서울 마포구 포은로 81-1 (망원동, S-빌딩)",마포구
망원역점,서울 마포구 월드컵로 82-1 (서교동),마포구
망원중앙점,서울 마포구 월드컵로 147 (망원동),마포구
상수역점,서울 마포구 와우산로 41-1 (상수동),마포구
상암DMC점,서울 마포구 월드컵북로 396 (상암동),마포구
상암KBS점,서울 마포구 월드컵북로 375 (상암동),마포구
상암우리기술점,서울 마포구 월드컵북로56길 9 (상암동),마포구
상암한샘점,서울 마포구 성암로13길 58 (상암동),마포구
상암홈플러스점,서울 마포구 월드컵로 240 (성산동),마포구
성산점,서울 마포구 월드컵북로 137 (성산동),마포구
성산중앙점,서울 마포구 성미산로 78 (성산동),마포구
신촌그랑자이점,"서울 마포구 대흥로 183 (대흥동, 신촌그랑자이 상가)",마포구
신촌로터리점,서울 마포구 서강로 135 (노고산동),마포구
신촌숲아이파크점,"서울 마포구 광성로 17 (신수동, 신촌숲아이파크)",마포구
신촌하나로마트점,"서울 마포구 신촌로 66 (노고산동, 농협중앙회)",마포구
애오개역점,서울 마포구 마포대로 208 (아현동),마포구
오벨리스크점,"서울 마포구 마포대로 33 (도화동, 마포 한화 오벨리스크)",마포구
한강공원로점 ,서울 마포구 망원로 21 (망원동),마포구
합정LIG점,서울 마포구 양화로1길 21 (합정동),마포구
합정동점,서울 마포구 양화로6길 90 (합정동),마포구
합정역사거리점,서울 마포구 독막로2길 5 (합정동),마포구
합정역점,서울 마포구 양화로11길 54 (서교동),마포구
합정홈플러스점,"서울 마포구 양화로 45 (서교동, 메세나폴리스)",마포구
홍대중앙점,서울 마포구 양화로 124 (서교동),마포구
홍대청기와점,서울 마포구 월드컵북로 7 (서교동),마포구
가재울점,"서울 서대문구 수색로 100 (북가좌동, DMC래미안e편한세상)",서대문구
가재울중앙점,"서울 서대문구 가재울미래로 2 (남가좌동, DMC파크뷰자이)",서대문구
동교동점,서울 서대문구 신촌로 5 (창천동),서대문구
명지대점,서울 서대문구 거북골로 35 (남가좌동),서대문구
명지전문대점,서울 서대문구 가좌로 140 (홍은동),서대문구
무악재역점,서울 서대문구 홍제동 ,서대문구
북가좌동점,서울 서대문구 증가로 257 (북가좌동),서대문구
서대문구청점,서울 서대문구 연희로 237 (연희동),서대문구
서대문점,서울 서대문구 냉천동,서대문구
신촌기차역점,서울 서대문구 신촌역로 35 (창천동),서대문구
신촌역점,서울 서대문구 신촌로 87-20 (창천동),서대문구
연남동점,서울 서대문구 연희로 42 (연희동),서대문구
연세대점,서울 서대문구 연세로12길 10 (창천동),서대문구
연희삼거리점,서울 서대문구 연희로 117 (연희동),서대문구
이화여대점,"서울 서대문구 이화여대길 26 (대현동, 이화빌딩)",서대문구
충정로3가점,"서울 서대문구 경기대로 26-26 (충정로3가, 더스타일하우스디센트럴)",서대문구
홍은사거리점,"서울 서대문구 통일로 510 (홍은동, 북한산 더샵)",서대문구
홍제역점,서울 서대문구 홍제동,서대문구
강남센트럴시티점,"서울 서초구 신반포로 176 (반포동, 센트럴시티)",서초구
교대역점,"서울 서초구 서초대로56길 22 (서초동, 성운빌딩)",서초구
교육개발원사거리점,"서울 서초구 바우뫼로 180 (양재동, 신송빌딩)",서초구
국립중앙도서관디지털관점,"서울 서초구 반포대로 201 (반포동, 국립중앙도서관)",서초구
국립중앙도서관본관점,"서울 서초구 반포대로 201 (반포동, 국립중앙도서관)",서초구
남부터미널점,서울 서초구 서초동 ,서초구
내방역점,"서울 서초구 서초대로 108 (방배동, 삼보빌딩)",서초구
반포지하상가점,"서울 서초구 신반포로 지하 200 (잠원동, 강남터미널지하쇼핑몰)",서초구
방배백석점,서울 서초구 방배로 42 (방배동),서초구
방배역점,서울 서초구 방배로 87 (방배동),서초구
방배중앙점,"서울 서초구 동광로 1 (방배동, 대양빌딩)",서초구
서울고속버스터미널점,"서울 서초구 신반포로 194 (반포동, 강남고속버스터미널)",서초구
서울교대점,서울 서초구 서초동 ,서초구
서초법조타운점,"서울 서초구 서초중앙로24길 7 (서초동, 동천빌딩)",서초구
서초역점,서울 서초구 서초동 ,서초구
서초우면중앙점,"서울 서초구 양재대로2길 100-11 (우면동, 서초 리슈빌S)",서초구
서초점,서울 서초구 서초대로48길 16 (서초동),서초구
신사멀버리힐스점,서울 서초구 강남대로 589 (잠원동),서초구
양재언남점,"서울 서초구 동산로 60 (양재동, 화성빌딩)",서초구
양재점,서울 서초구 남부순환로347길 38 (서초동),서초구
양재중앙점,"서울 서초구 강남대로 221 (양재동, 양재역 환승주차장)",서초구
양재하나로마트점,"서울 서초구 청계산로 10 (양재동, 농협하나로클럽)",서초구
예술의전당점,"서울 서초구 반포대로 32 (서초동, 원일빌딩)",서초구
우면동점,"서울 서초구 바우뫼로 20 (우면동, 고호빌딩)",서초구
잠원논현점,서울 서초구 신반포로 333 (잠원동),서초구
청계산입구역점,서울 서초구 신원동,서초구
포이점,서울 서초구 마방로10길 42 (양재동),서초구
함지박사거리점,서울 서초구 방배로 234 우신빌딩,서초구
고대개운점,서울 성북구 개운사길 30 (안암동5가),성북구
고대점,서울 성북구 고려대로24길 35 (안암동5가),성북구
길음뉴타운점,"서울 성북구 길음로 74 (길음동, 길음 에스에이치빌)",성북구
돈암동점,서울 성북구 동소문로 119 (동선동4가),성북구
돈암아리랑점,"서울 성북구 아리랑로 75 (돈암동, 돈암코오롱하늘채)",성북구
돌곶이역점,서울 성북구 돌곶이로22길 3 (석관동),성북구
동덕여대점,서울 성북구 화랑로 99 (하월곡동),성북구
동소문동점,서울 성북구 동소문로13길 5 (동소문동4가),성북구
보문역점,서울 성북구 보문로 111 (보문동2가),성북구
석계중앙점,서울 성북구 화랑로40길 61 (석관동),성북구
석관동점,"서울 성북구 돌곶이로8길 22 (석관동, 래미안아트리치)",성북구
성신여대역점,서울 성북구 동소문로17길 40 (동소문동6가),성북구
성신여대점,서울 성북구 보문로34길 100 (동선동2가),성북구
안암래미안점,서울 성북구 보문로30가길 42 (안암동1가),성북구
월곡1동점,서울 성북구 오패산로 99 (하월곡동),성북구
월곡동아점,서울 성북구 장월로1길 47 (상월곡동),성북구
월곡중앙점,"서울 성북구 종암로 167 (하월곡동, 동일하이빌뉴시티)",성북구
장위2동점,서울 성북구 화랑로25길 14 (장위동),성북구
장위뉴타운점,서울 성북구 장월로 144-1 (장위동),성북구
장위동점,서울 성북구 월계로40길 7 (장위동),성북구
장위북서울꿈의숲점,서울 성북구 돌곶이로41가길 2 (장위동),성북구
장위중앙점,서울 성북구 장위로 35 (장위동),성북구
정릉뉴타운점,"서울 성북구 정릉로 307 (정릉동, 라온유 아파트)",성북구
정릉점,서울 성북구 보국문로 77 (정릉동),성북구
정릉중앙점,서울 성북구 정릉로 251 (정릉동),성북구
종암동점,서울 성북구 종암로 105 (종암동),성북구
하월곡동점,서울 성북구 오패산로 16 (하월곡동),성북구
한성대역점,서울 성북구 동소문로 19 (동소문동1가),성북구
한성대점,서울 성북구 삼선교로 10 (삼선동1가),성북구
가든파이브점,"서울 송파구 충민로 10 (문정동, 가든파이브툴)",송파구
가든파이브테크노관점,"서울 송파구 충민로 66 (문정동, 가든파이브라이프)",송파구
가락몰점,"서울 송파구 양재대로 932 (가락동, 가락몰 판매동)",송파구
가락중앙점,서울 송파구 송이로 87 (가락동),송파구
개롱역점,"서울 송파구 오금로 407 (오금동, 상아아파트)",송파구
거여점,서울 송파구 오금로 497 (거여동),송파구
문정KDU타워점,"서울 송파구 정의로 70 (문정동, 케이디유타워)",송파구
문정문현점,서울 송파구 새말로8길 30 (문정동),송파구
문정중앙점,서울 송파구 문정로 31-1 (문정동),송파구
문정테라타워점,"서울 송파구 송파대로 167 (문정동, 문정역테라타워)",송파구
방이시장점,서울 송파구 백제고분로48길 3 (방이동),송파구
방이역점,서울 송파구 위례성대로18길 32 (방이동),송파구
방이초교점,서울 송파구 가락로 280 (방이동),송파구
삼전역점,서울 송파구 백제고분로 263 (삼전동),송파구
서울삼성내과점,"서울 송파구 백제고분로 126 (잠실동, 오룡빌딩)",송파구
석촌백제점,"서울 송파구 백제고분로39길 15 (석촌동, 삼경빌딩)",송파구
석촌사거리점,"서울 송파구 송파대로 409 (석촌동, 범양빌딩)",송파구
석촌역점,"서울 송파구 송파대로 456 (송파동, 웅현빌딩)",송파구
송파동점,"서울 송파구 백제고분로41길 5 (송파동, 태원빌딩)",송파구
송파문정점,서울 송파구 송이로 159 (가락동),송파구
송파올림픽훼미리타운점,"서울 송파구 중대로 24 (문정동, 올림픽훼밀리타운 아카데미 상가)",송파구
송파위례점,"서울 송파구 위례광장로 188 (장지동, 아이온스퀘어)",송파구
송파잠실점,서울 송파구 삼전로 95 (잠실동),송파구
송파파인타운점,"서울 송파구 충민로2길 28 (장지동, 대진플라자2)",송파구
송파풍납점,서울 송파구 강동대로9길 17-1 (풍납동),송파구
송파하비오점,"서울 송파구 송파대로 111 (문정동, 파크하비오)",송파구
송파한양점,"서울 송파구 가락로 165 (송파동, 위례캐슬빌)",송파구
오금점,"서울 송파구 오금로 306 (가락동, 가락스타클래스)",송파구
오금중앙점 ,"서울 송파구 위례성대로22길 18 (오금동, 이시돌빌딩)",송파구
올림픽공원점,서울 송파구 올림픽로 354 (방이동),송파구
올림픽프라자점,서울 송파구 양재대로 1222 (방이동),송파구
위례아이파크점,"서울 송파구 위례광장로 136 (장지동, 위례아이파크)",송파구
위례포레샤인점,"서울 송파구 위례순환로 477 (장지동, 위례포레샤인23단지)",송파구
잠실본동점,"서울 송파구 백제고분로 172 (잠실동, 제이케이빌딩)",송파구
잠실역점,"서울 송파구 송파대로 567 (잠실동, 잠실주공아파트)",송파구
종합운동장역점,"서울 송파구 올림픽로 76 (잠실동, J타워)",송파구
강서초교점,서울 양천구 오목로 48 (신월동),양천구
남부지방법원점,"서울 양천구 은행정로4길 25 (신정동, SM엘루이아파트)",양천구
목3동점,"서울 양천구 목동중앙북로 38 (목동, 롯데캐슬위너아파트)",양천구
목4동점,서울 양천구 목동중앙본로7길 46 (목동),양천구
목동남부점,서울 양천구 목동남로 46 (신정동),양천구
목동로데오점,서울 양천구 목동로 219 (신정동),양천구
목동센트럴아이파크위브점,서울 양천구 남부순환로 603 (신월동),양천구
목동신목점,"서울 양천구 목동중앙로 85 (목동, 강산아파트)",양천구
목동신트리점,"서울 양천구 신정로 312 (신정동, 뉴프라자)",양천구
목동아델리체점,"서울 양천구 중앙로43길 14 (신정동, 래미안 목동아델리체)",양천구
목동역점,서울 양천구 오목로 227 (신정동),양천구
목동중앙점,"서울 양천구 목동서로 287 (신정동, 동문비젼오피스텔)",양천구
목동파라곤점,서울 양천구 목동서로 155 (목동),양천구
목동파리공원점,서울 양천구 목동동로 379 (목동),양천구
신월5동점,서울 양천구 화곡로 50 (신월동),양천구
신월7동점,서울 양천구 지양로 79 (신월동),양천구
신월사거리점,서울 양천구 남부순환로 353 (신월동),양천구
신정교점,서울 양천구 신목로 36 (신정동),양천구
신정네거리역점,서울 양천구 중앙로 282 (신정동),양천구
신정서부점,서울 양천구 신정로11길 50-15 (신정동),양천구
신정역점,서울 양천구 오목로 155 (신정동),양천구
양천구청점,서울 양천구 목동동로 63 (신정동),양천구
오목교대학학원점,서울 양천구 오목로 319 (목동),양천구
오목교역점,서울 양천구 신목로 102 (목동),양천구
KBS별관점,"서울 영등포구 국제금융로8길 27-9 (여의도동, 동북빌딩)",영등포구
국회대로점,"서울 영등포구 국회대로72길 4 (여의도동, 아이비피아빌딩)",영등포구
국회의사당역점,"서울 영등포구 의사당대로 22 (여의도동, 이룸센터)",영등포구
남부고용센터점,서울 영등포구 양산로 71 (양평동3가),영등포구
당산버드나루점,서울 영등포구 버드나루로 87 (영등포동7가),영등포구
당산역점,"서울 영등포구 당산로 222 (당산동5가, 당산디오빌)",영등포구
당산중앙점,서울 영등포구 당산로 159 (당산동4가),영등포구
대림1동점,서울 영등포구 도림로 198 (대림동),영등포구
대림3동점,서울 영등포구 대림로 212 (대림동),영등포구
대림역점,서울 영등포구 도림로31길 2 (대림동),영등포구
도림사거리점,서울 영등포구 도림로 326 (신길동),영등포구
도림점,"서울 영등포구 도신로15길 40 (도림동, 도림빌딩)",영등포구
라이프점,"서울 영등포구 63로 40 (여의도동, 라이프오피스텔)",영등포구
보라매역점,서울 영등포구 여의대방로 141 (신길동),영등포구
서여의도점,"서울 영등포구 국회대로72길 17 (여의도동, KCC파크타운)",영등포구
선유도역점,서울 영등포구 양평로 126 (양평동5가),영등포구
신길성애병원점,서울 영등포구 여의대방로53길 27 (신길동),영등포구
신길썬프라자점,서울 영등포구 신길로 42 (신길동),영등포구
신길아이파크점,서울 영등포구 도림로 280 (신길동),영등포구
신길역점,서울 영등포구 영등포로 353 (신길동),영등포구
신길중앙점,서울 영등포구 도신로 229 (신길동),영등포구
신풍역점,서울 영등포구 신풍로 52-1 (신길동),영등포구
양평동2가점,"서울 영등포구 선유서로25길 19 (양평동2가, 오목교투웨니퍼스트)",영등포구
여의나루역점,서울 영등포구 여의나루로 113 (여의도동),영등포구
여의도농협재단점,"서울 영등포구 국제금융로8길 2 (여의도동, 농협재단빌딩)",영등포구
여의도역점,"서울 영등포구 의사당대로 108 (여의도동, 아일렉스)",영등포구
영등포knk점,"서울 영등포구 영신로 220 (영등포동8가, KnK디지털타워)",영등포구
영등포구청점,서울 영등포구 당산로 110 (당산동3가),영등포구
영등포그랜드점,"서울 영등포구 양산로9길 15 (양평동3가, 그랜드타워)",영등포구
영등포본동점,서울 영등포구 영신로19길 15 (영등포동),영등포구
영등포시장점,서울 영등포구 영등포로35길 19 (영등포동6가),영등포구
영등포아크로타워점,"서울 영등포구 국회대로54길 10 (영등포동7가, 아크로타워 스퀘어)",영등포구
영등포에이스점,서울 영등포구 경인로 775 (문래동3가),영등포구
영등포점,서울 영등포구 영중로 16-1 (영등포동3가),영등포구
영등포중앙점,서울 영등포구 영중로 37 (영등포동4가),영등포구
영등포코레일점,"서울 영등포구 경인로 846 (영등포동, 영등포 민자역사)",영등포구
영등포홈플러스점,"서울 영등포구 당산로 42 (문래동3가, 홈플러스)",영등포구
한강성심병원점,서울 영등포구 버드나루로 51 (영등포동2가),영등포구
한국수출입은행점,"서울 영등포구 은행로 38 (여의도동, 한국수출입은행빌딩)",영등포구
힐스테이트클래시안점,"서울 영등포구 신길로28길 9 (신길동, 힐스테이트 클래시안)",영등포구
갈현점,서울 은평구 갈현로 268 (갈현동),은평구
구산역점,서울 은평구 연서로 148 (대조동),은평구
구파발역점,"서울 은평구 진관2로 29-21 (진관동, 드림스퀘어)",은평구
녹번동점,"서울 은평구 진흥로 156 (녹번동, 신명빌딩)",은평구
녹번중앙점,"서울 은평구 통일로 635 (녹번동, 녹번동메카오피스텔)",은평구
백련산아이파크점,"서울 은평구 응암로 264 (응암동, 서울빌딩)",은평구
본서부병원점,"서울 은평구 응암로 337 (응암동, 빛터룩스 빌딩)",은평구
불광역점,서울 은평구 통일로 731 (대조동),은평구
불광연서로점,서울 은평구 연서로 275 (불광동),은평구
불광중앙점,서울 은평구 불광로 59 (불광동),은평구
새절역점,서울 은평구 가좌로 272 (신사동),은평구
수색역점,서울 은평구 수색로 250 (수색동),은평구
역촌동점,서울 은평구 갈현로 82 (역촌동),은평구
역촌사거리점,서울 은평구 서오릉로 100 (대조동),은평구
역촌역점,서울 은평구 진흥로 95 (역촌동),은평구
역촌진흥로점,서울 은평구 진흥로1길 3 (역촌동),은평구
연신내역점,서울 은평구 통일로 855-9 (갈현동),은평구
연신내중앙점,서울 은평구 통일로 825 (대조동),은평구
연신내통일로점,서울 은평구 통일로 876 (불광동),은평구
은평구청점,서울 은평구 은평로 197 (녹번동),은평구
은평이마트점,"서울 은평구 은평로 111 (응암동, 은평이마트)",은평구
응암역점,"서울 은평구 연서로 9 (역촌동, 센타폴리스)",은평구
응암오거리점,서울 은평구 응암로 211 (응암동),은평구
응암중앙점,서울 은평구 응암로 183 (응암동),은평구
증산동점,서울 은평구 증산서길 78 (증산동),은평구
경희궁점,서울 종로구 경희궁1길 16 (신문로2가),종로구
광화문점,서울 종로구 세종대로23길 15 (도렴동),종로구
광화문트윈트리타워점,"서울 종로구 율곡로 6 (중학동, 트윈 트리 빌딩)",종로구
낙원동점,서울 종로구 낙원동 ,종로구
대학로점,서울 종로구 대학로10길 17 (동숭동),종로구
독립문역점,서울 종로구 통일로 266 (무악동),종로구
동대문역점,"서울 종로구 율곡로 286 (종로6가, 야드인빌딩)",종로구
동묘역점,서울 종로구 종로 354 (숭인동),종로구
방통대점,서울 종로구 대학로 81-1 (연건동),종로구
배화여대점,서울 종로구 필운대로1길 35 (필운동),종로구
북촌마을점,서울 종로구 북촌로5길 39 (화동),종로구
삼일빌딩점,서울 종로구 삼일대로15길 13 (관철동),종로구
상명대점,서울 종로구 홍지동,종로구
성균관대점,서울 종로구 성균관로 8 (명륜2가),종로구
숭인점,서울 종로구 숭인동길 6 (숭인동),종로구
신설점,서울 종로구 난계로29길 30 (숭인동),종로구
종로3가점,서울 종로구 종로 126 (종로3가),종로구
종로4가점,서울 종로구 김상옥로 1 (인의동),종로구
종로5가점,서울 종로구 대학로 33 (효제동),종로구
종로교차로점,서울 종로구 동호로 406-1 (종로5가),종로구
종로구청점,서울 종로구 수송동,종로구
종로르메이에르점,서울 종로구 종로1가 르메이에르종로타운,종로구
종로삼일대로점,서울 종로구 삼일대로 390-1 (관철동),종로구
종로타워점,"서울 종로구 종로 51 (종로2가, 종로타워)",종로구
창덕궁점,서울 종로구 돈화문로 41-1 (묘동),종로구
창신중앙점 ,서울 종로구 지봉로 64 (숭인동),종로구
탑골공원점,서울 종로구 낙원동 ,종로구
혜화동로터리점,서울 종로구 혜화로 3-1 (혜화동),종로구
혜화역점,서울 종로구 창경궁로 258-15 (명륜2가),종로구
IBK본점,"서울 중구 을지로 79 (을지로2가, 기업은행)",중구
YTN점,서울 중구 세종대로1길 11 (봉래동1가),중구
광희동점,서울 중구 마른내로 165-1 (광희동1가),중구
다동점,서울 중구 다동길 46 (다동),중구
동국대후문점,"서울 중구 창경궁로 2 (충무로5가, 남경빌딩)",중구
동대문점,서울 중구 을지로43길 38 (을지로6가),중구
동평화점,서울 중구 청계천로 318 (신당동),중구
만리동고개점,"서울 중구 만리재로 175 (만리동2가, 서울역센트럴자이),402동 102호",중구
명동역점,서울 중구 퇴계로 103 (충무로1가),중구
명동중앙점,"서울 중구 명동7길 21 (을지로2가, 명동아르누보센텀)",중구
서소문점,서울 중구 서소문로11길 8 (서소문동),중구
서울시청점,"서울 중구 세종대로20길 23 (무교동, 원창빌딩)",중구
신당점,서울 중구 다산로35길 11 (신당동),중구
신당중앙점,서울 중구 퇴계로 455 (황학동),중구
약수역점,서울 중구 동호로 186-13 (신당동),중구
오장동점,서울 중구 마른내로 109-1 (오장동),중구
을지로3가점,서울 중구 수표로 45 (저동2가),중구
정동점,서울 중구 정동길 2-1 (정동),중구
중림점,서울 중구 청파로 464 (중림동),중구
청구역점,서울 중구 다산로 181-2 (신당동),중구
충무로3가점,서울 중구 퇴계로27길 31 (충무로3가),중구
충무로점,서울 중구 퇴계로 188 (필동1가),중구
충무아트홀점,서울 중구 퇴계로 381-1 (신당동),중구
충무필동점,서울 중구 퇴계로 218-5 (필동2가),중구
태평로점,서울 중구 세종대로11길 26 (서소문동),중구
퇴계로2길점,서울 중구 퇴계로2길 1 (남창동),중구
한국은행점,서울 중구 남대문로 29-2 (남대문로3가),중구
황학롯데캐슬점,"서울 중구 청계천로 400 (황학동, 롯데캐슬베네치아)",중구
회현SK리더스점,"서울 중구 퇴계로 72 (회현동1가, 리더스뷰남산)",중구
강동고덕교차로점,"서울 강동구 고덕로 421 (강일동, 대한연세요양원)",강동구
강동구청점,"서울 강동구 성내로6길 20 (성내동, 청일 베르네)",강동구
강동성내점,서울 강동구 풍성로 162 (성내동),강동구
강동신명초교점,"서울 강동구 명일로 260 (길동, 길동신동아아파트)",강동구
강동역점,"서울 강동구 천호대로 1065 (천호동, 강동상떼빌)",강동구
강일점,"서울 강동구 아리수로93길 19 (강일동, 임페리얼타워)",강동구
고덕그라시움후문점,서울 강동구 동남로82길 121 (고덕동),강동구
고덕점,"서울 강동구 동남로75길 19 (명일동, 명일빌딩)",강동구
길동사거리점,서울 강동구 천호대로 1132 (성내동),강동구
길동역점,서울 강동구 양재대로 1471 (길동),강동구
길동중앙점,서울 강동구 명일로 200 (길동),강동구
둔촌점,서울 강동구 양재대로 1377 (성내동),강동구
명일역점,"서울 강동구 구천면로 424 (명일동, 명일메가타운)",강동구
명일중앙점,"서울 강동구 상암로 210 (명일동, 명일현대종합상가)",강동구
보훈병원점,"서울 강동구 명일로 110 (둔촌동, 둔촌동암펠로스타워)",강동구
상일리엔파크점,"서울 강동구 상일로 74 (상일동, 고덕리엔파크3단지아파트)",강동구
암사3동점,"서울 강동구 고덕로 140 (암사동, 프라이어팰리스)",강동구
암사역점,"서울 강동구 올림픽로 782 (암사동, 501타워)",강동구
암사중앙점,"서울 강동구 암사길 50 (암사동, 제이빌더스)",강동구
올림픽북문점,서울 강동구 성안로 7 (성내동),강동구
천호로데오점,서울 강동구 천호대로 1027 (천호동),강동구
천호역점,서울 강동구 천호대로 1006 (성내동),강동구
천호중앙점,"서울 강동구 올림픽로 660 (천호동, 천호엘크루주상복합)",강동구
천호초교사거리점,"서울 강동구 구천면로 304 (천호동, 일주빌딩)",강동구
천호현대점,서울 강동구 올림픽로 665 (천호동),강동구
개봉역점,서울 구로구 남부순환로97길 11 (개봉동),구로구
개봉중앙점,서울 구로구 개봉로3길 26 (개봉동),구로구
개봉현대점,서울 구로구 개봉로 69 (개봉동),구로구
고대구로병원점,서울 구로구 구로동로 157 (구로동),구로구
고척사거리점,"서울 구로구 고척로 228-6 (고척동, 종만빌딩)",구로구
고척스카이돔점,"서울 구로구 경인로 397 (고척동, 골든타워빌딩)",구로구
구로NC점,서울 구로구 구로동로 240 (구로동),구로구
구로거리공원점,서울 구로구 구로중앙로28길 73 (구로동),구로구
구로고척점,"서울 구로구 고척로 149 (고척동, 상암빌딩)",구로구
구로구청점,"서울 구로구 가마산로25길 9 (구로동, 네오팰리스)",구로구
구로궁동점,서울 구로구 오리로 1304 (궁동) 1층,구로구
구로미성점,"서울 구로구 구로중앙로 228 (신도림동, 기임빌딩)",구로구
구로에이스점,서울 구로구 디지털로33길 11 (구로동),구로구
구로역광장점,"서울 구로구 경인로 572 (구로동, 스타팰리스)",구로구
구로이마트점,서울 구로구 디지털로32길 43 (구로동),구로구
구로중앙점,서울 구로구 도림로 79 (구로동),구로구
구로코레일점,"서울 구로구 구로중앙로 174 (구로동, 구로역)",구로구
구로항동지구점,"서울 구로구 항동로3길 6 (항동, 가온 프라자)",구로구
구일역점,"서울 구로구 구일로 110 (구로동, 해원리버파크)",구로구
남구로역점,서울 구로구 디지털로27길 127 (가리봉동),구로구
동양미래대학점,서울 구로구 경인로47길 14 (고척동),구로구
메르디앙고척점,"서울 구로구 중앙로8길 11 (고척동, 고척 월드메르디앙)",구로구
성공회대점,서울 구로구 연동로 312 (항동),구로구
신도림메르디앙점,"서울 구로구 신도림로 65 (신도림동, 신도림월드메르디앙오피스텔)",구로구
신도림테크노마트점,서울 구로구 새말로 97 (구로동),구로구
오류남부점,서울 구로구 오류로8길 65 (오류동),구로구
오류북부역점,서울 구로구 경인로20길 6 (오류동),구로구
천왕이펜하우스점,서울 구로구 천왕로 36 (천왕동),구로구
경희대점,서울 동대문구 경희대로 4 (회기동),동대문구
경희대캠퍼스점,"서울 동대문구 경희대로 26 (회기동, 경희대학교,경희초,중,고,여자중고등학교)",동대문구
답십리사거리점,서울 동대문구 답십리로 145 (답십리동),동대문구
답십리파크자이점,"서울 동대문구 한천로 55 (답십리동, 영진빌딩)",동대문구
동대문구청점,서울 동대문구 천호대로 153-1 (용두동),동대문구
동부병원사거리점,서울 동대문구 무학로 104 (용두동),동대문구
배봉초교사거리점,서울 동대문구 답십리로63길 131 (장안동),동대문구
서울시립대점,"서울 동대문구 서울시립대로 164 (전농동, 도석프라자)",동대문구
신설동역점,서울 동대문구 천호대로 11-3 (신설동),동대문구
외대점,서울 동대문구 휘경로 12 (이문동),동대문구
용두동사거리점,서울 동대문구 왕산로 68 (용두동),동대문구
용두동점,서울 동대문구 고산자로 413-1 (용두동),동대문구
이문점 ,서울 동대문구 신이문로 19 (이문동),동대문구
장안동사거리점,서울 동대문구 답십리로 309 (장안동),동대문구
장안동점,서울 동대문구 장한로 43 (장안동),동대문구
장안중랑천점,서울 동대문구 장한로18길 32 (장안동),동대문구
장안중앙점,서울 동대문구 사가정로25길 42 (장안동),동대문구
장한평군자초교점,서울 동대문구 한천로2길 53 (장안동),동대문구
전농뉴타운점,서울 동대문구 답십리로 77 (전농동),동대문구
전농사거리점,서울 동대문구 사가정로 132 (전농동),동대문구
청량리점,서울 동대문구 왕산로 225 (청량리동),동대문구
촬영소사거리점,서울 동대문구 답십리로 264 (장안동),동대문구
회기역점,"서울 동대문구 망우로 67 (휘경동, 효자 워너빌)",동대문구
회기역중앙점,서울 동대문구 회기로 194-1 (휘경동),동대문구
논골사거리점,서울 성동구 난계로 35 (금호동1가),성동구
답십리로데오점,서울 성동구 용답19길 17-1 (용답동),성동구
뚝섬역점,서울 성동구 상원길 38-1 (성수동1가),성동구
마장동점,서울 성동구 고산자로 339-2 (마장동),성동구
마장역점,서울 성동구 마장로 293-1 (마장동),성동구
상왕십리역점,서울 성동구 무학봉15길 27 (하왕십리동),성동구
성동구청점,서울 성동구 고산자로 269 (도선동),성동구
성수아카데미점,서울 성동구 성수이로 118 (성수동2가),성동구
성수우리W타워점,서울 성동구 아차산로15길 19 (성수동2가),성동구
성수중앙점,"서울 성동구 성수일로6길 47 (성수동2가, 현성빌딩)",성동구
신금호역점,서울 성동구 금호산길 64 (금호동2가),성동구
옥수동점,서울 성동구 매봉길 12 (옥수동),성동구
옥수역점,서울 성동구 한림말5길 9 (옥수동),성동구
왕십리비트플렉스점,서울 성동구 왕십리광장로 17 (행당동),성동구
왕십리센트라스점,서울 성동구 무학로 22 (홍익동),성동구
왕십리역점,서울 성동구 왕십리로 309 (행당동),성동구
응봉동점,"서울 성동구 독서당로 381 (응봉동, 현대종합상가)",성동구
장한평역점,서울 성동구 천호대로 426 (용답동),성동구
텐즈힐점,"서울 성동구 무학로 33 (하왕십리동, 텐즈힐)",성동구
한양대점,서울 성동구 사근동길 4 (행당동),성동구
행당동점,서울 성동구 고산자로 201 (행당동),성동구
IBK고객센터점,"서울 용산구 한남대로 72 (한남동, IBK기업은행고객센터)",용산구
동부이촌동점,서울 용산구 이촌로77길 19 (이촌동),용산구
동자동점,서울 용산구 후암로 93 (동자동),용산구
삼각지점,서울 용산구 한강대로 138 (한강로2가),용산구
숙대입구역점,서울 용산구 한강대로 289 (갈월동),용산구
순천향병원점,서울 용산구 대사관로 72 ,용산구
용문점,서울 용산구 원효로41길 73 (원효로2가),용산구
용산원효점,"서울 용산구 원효로 70 (원효로4가, 신정빌딩)",용산구
용산중앙점,서울 용산구 한강대로 52-1 (한강로3가),용산구
용산청파점,"서울 용산구 청파로71길 10 (청파동1가, 새마을금고)",용산구
용산효창점,서울 용산구 효창원로66길 2 (효창동),용산구
용산후암점,"서울 용산구 후암로 40-2 (후암동, 성원빌딩)",용산구
원효로점,서울 용산구 원효로 257 (원효로1가),용산구
이태원역점,서울 용산구 이태원로 176 (이태원동),용산구
금란망우점,서울 중랑구 망우로 460 (망우동),중랑구
동원사거리점,"서울 중랑구 겸재로 240 (면목동, 행복오피스텔)",중랑구
망우동점,서울 중랑구 망우로 416 (망우동),중랑구
망우중앙점,"서울 중랑구 용마산로115길 109 (망우동, 한일써너스빌리젠시2단지)",중랑구
먹골역점,서울 중랑구 동일로157길 13 (묵동),중랑구
면목경남아너스빌점,서울 중랑구 면목로27길 92 (면목동),중랑구
면목늘찬병원점,"서울 중랑구 동일로 643 (면목동, 늘찬병원)",중랑구
면목본동점,서울 중랑구 면목로 370 (면목동),중랑구
면목역점,"서울 중랑구 면목로 429 (면목동, 킴스아파트)",중랑구
봉화산역점,서울 중랑구 신내로 211 (신내동),중랑구
사가정아이파크점,"서울 중랑구 동일로92길 57 (면목동, 메디포레)",중랑구
사가정역점,서울 중랑구 면목로 325 (면목동),중랑구
상봉엠코점,"서울 중랑구 망우로 353 (상봉동, 상봉 프레미어스 엠코)",중랑구
상봉역점,서울 중랑구 망우로 277 (상봉동),중랑구
상봉중앙점,서울 중랑구 망우로 316 (상봉동),중랑구
서울상봉1동점,서울 중랑구 상봉중앙로 36 (상봉동),중랑구
서울의료원점,"서울 중랑구 신내로 156 (신내동, 서울의료원)",중랑구
서울중화초등학교점,"서울 중랑구 신내로7가길 7 (신내동, 제이리옴)",중랑구
서일중앙점,"서울 중랑구 용마산로 394 (면목동, 해동검도)",중랑구
신내동점,서울 중랑구 봉화산로 215 (신내동),중랑구
양원역점,서울 중랑구 양원역로14가길 24 (망우동),중랑구
용마산역점,서울 중랑구 면목로 254-1 (면목동),중랑구
우림시장점,서울 중랑구 봉우재로 240 (망우동),중랑구
중랑교차로점,서울 중랑구 동일로 683 (면목동),중랑구
중랑묵동점,"서울 중랑구 동일로 932 (묵동, 묵동자이아파트)",중랑구
중랑역점,서울 중랑구 망우로 198 (상봉동),중랑구
중화동점,서울 중랑구 동일로129길 1 (중화동),중랑구
중화역점,"서울 중랑구 동일로 815, 1층",중랑구
화랑대역점,"서울 중랑구 신내로25가길 2 (묵동, 현동학당)",중랑구
가평대성점,"경기 가평군 청평면 경춘로 524 (대성리, 청평그린주유소)",가평군
청평점,경기 가평군 청평면 청평중앙로 57 (청평리),가평군
가평역점,경기 가평군 가평읍 문화로 13-39 (달전리),가평군
가평점,경기 가평군 가평읍 가화로 104,가평군
EBS1호점,경기 고양시 일산동구 한류월드로 281 (장항동),고양시
EBS2호점,경기 고양시 일산동구 한류월드로 281 (장항동),고양시
고양백석터미널점,"경기 고양시 일산동구 일산로 74-17 (백석동, 대방 샤인밸리)",고양시
동국대일산병원점,"경기 고양시 일산동구 동국로 18 (식사동, 연합빌딩)",고양시
마두역2호점,경기 고양시 일산동구 중앙로 1190 (마두동),고양시
마두역점,경기 고양시 일산동구 장백로 184 (장항동),고양시
백석역점,경기 고양시 일산동구 일산로 46 (백석동),고양시
일산MBC점,"경기 고양시 일산동구 정발산로 38 (장항동, 장항동이스턴시티)",고양시
일산국립암센터점,경기 고양시 일산동구 일산로330번길 12-2 (마두동),고양시
일산백마점,"경기 고양시 일산동구 일산로 234 (마두동, 백일상가)",고양시
일산식사점,"경기 고양시 일산동구 위시티2로11번길 45 (식사동, 위시티일산자이 주상복합)",고양시
일산웨스턴돔점,"경기 고양시 일산동구 정발산로 24 (장항동, 웨스턴돔1)",고양시
일산이마트점,"경기 고양시 일산동구 중앙로 1124 (백석동, 흰돌마을1단지아파트)",고양시
일산풍동점,경기 고양시 일산동구 숲속마을1로 76 (풍동),고양시
일산허유재병원점,경기 고양시 일산동구 중앙로 1317 (장항동),고양시
중산마을점,경기 고양시 일산동구 중산로 247 (중산동),고양시
풍산역점,경기 고양시 일산동구 하늘마을1로 8 (중산동),고양시
광명역데시앙점,경기 광명시 양지로 21 (일직동),광명시
광명사거리역점,경기 광명시 오리로 974 (광명동),광명시
철산역점,"경기 광명시 오리로856번길 6 (철산동, 재상빌딩)",광명시
광명소하점,"경기 광명시 금하로 458 (소하동, 웅신아트)",광명시
광명사거리점,경기 광명시 광명로 846 (광명동),광명시
경기광주역동점,경기 광주시 경충대로 1754 (역동),광주시
경기광주능평점,경기 광주시 오포읍 능평로 210 (능평리),광주시
경기광주문형점,경기 광주시 오포읍 봉골길 59 (문형리),광주시
경기광주양벌점,경기 광주시 오포읍 양벌로 331-6 (양벌리),광주시
경기광주양벌초교점,경기 광주시 오포읍 마루들길 232-4 (양벌리),광주시
광주신현점,경기 광주시 오포읍 신현로 51 (신현리),광주시
광주신현중앙점,경기 광주시 오포읍 문형산길 25 (신현리),광주시
경기광주도평점,경기 광주시 초월읍 현산로 107 (도평리),광주시
경기광주산이리점,경기 광주시 초월읍 경충대로 859 (산이리),광주시
경기광주초월롯데점,경기 광주시 초월읍 경충대로 1037 (쌍동리),광주시
경기광주초월점,"경기 광주시 초월읍 경충대로1127번길 21-1 (쌍동리, 초월역 모아미래도 파크힐스)",광주시
곤지암점,경기 광주시 곤지암읍 곤지암로 53 (곤지암리),광주시
구리등기소점,경기 구리시 건원대로 44 (인창동),구리시
구리수택점,경기 구리시 체육관로80번길 24 (수택동),구리시
구리벌말점,경기 구리시 벌말로 91 (토평동),구리시
산본역사점,경기 군포시 번영로 504 (산본동),군포시
산본학원가점,경기 군포시 산본로 390 (산본동),군포시
남양주DIMC한강테라타워점,경기 남양주시 다산지금로 202 (다산동),남양주시
남양주다산한강초교점,경기 남양주시 다산지금로146번길 8-31 (다산동),남양주시
경복대점,경기 남양주시 진접읍 경복대로 426,남양주시
남양주금곡점,경기 남양주시 진접읍 해밀예당1로 50-88,남양주시
남양주내각리점,경기 남양주시 진접읍 내각1로 67 (내각리),남양주시
남양주진벌점,경기 남양주시 진접읍 진벌로 73 (진벌리),남양주시
남양주진접역점,경기 남양주시 진접읍 경복대로 233 (금곡리),남양주시
진접센트레빌점,경기 남양주시 진접읍 부평로 32 (진접센트레빌시티1단지),남양주시
진접이마트점,경기 남양주시 진접읍 금강로유연들1길 154,남양주시
진접장현리점,경기 남양주시 진접읍 장현로 77,남양주시
진접제일점,경기 남양주시 진접읍 금강로 1529 (장현리),남양주시
진접중앙점,경기 남양주시 진접읍 해밀예당3로 59,남양주시
남양주다산역점,경기 남양주시 다산중앙로123번길 22-16 (다산동),남양주시
남양주도농빙그레점,경기 남양주시 미금로 50 (도농동),남양주시
남양주팔당한강점,경기 남양주시 와부읍 팔당로 153 (팔당리),남양주시
덕소삼거리점,경기 남양주시 와부읍 덕소로 87-1,남양주시
덕소코레일점,"경기 남양주시 와부읍 덕소로 56 (덕소리, 덕소역)",남양주시
도심역점,경기 남양주시 와부읍 덕소로 214,남양주시
남양주평내점,"경기 남양주시 경춘로1256번길 34 (평내동, 디마트)",남양주시
남양주평내중앙점,"경기 남양주시 경춘로 1298 (평내동, 혜림빌딩)",남양주시
도농코레일점,"경기 남양주시 경춘로 433 (다산동, 도농역)",남양주시
별내백상앨리츠점,"경기 남양주시 별내중앙로 36-31 (별내동, 별내 백상앨리츠오피스텔 2차 )",남양주시
남양주가곡점,경기 남양주시 화도읍 비룡로 337 (가곡리),남양주시
남양주마석가구공단점,경기 남양주시 화도읍 경춘로 1718 (묵현리),남양주시
남양주마석점,경기 남양주시 화도읍 비룡로 58,남양주시
남양주마석초등학교점,경기 남양주시 화도읍 수레로1260번길 11-1 (창현리),남양주시
남양주묵현점,경기 남양주시 화도읍 먹갓로 31,남양주시
남양주천마산점,경기 남양주시 화도읍 경춘로 1815 (묵현리),남양주시
남양주화도점,경기 남양주시 화도읍 경춘로 1890 (녹촌리),남양주시
마석역점,경기 남양주시 화도읍 마석중앙로 101 (마석우리),남양주시
남양주다산푸르지오점,경기 남양주시 다산중앙로82번길 72-39 (다산동),남양주시
남양주다산행정복지센터점,경기 남양주시 다산중앙로20번길 10-40 (다산동),남양주시
다산부영점,경기 남양주시 다산중앙로82번안길 122 (다산동),남양주시
별내북부점,경기 남양주시 덕송2로10번길 27-12 (별내동),남양주시
미금점,경기 성남시 분당구 돌마로 73 (금곡동),성남시
미금중앙점,경기 성남시 분당구 돌마로 47 (금곡동),성남시
분당구미점,"경기 성남시 분당구 미금로 40 (구미동, 도원필빌딩)",성남시
분당느티마을점,경기 성남시 분당구 느티로63번길 6-3 (정자동),성남시
분당미금제일점,경기 성남시 분당구 미금일로86번길 11 (구미동),성남시
분당서현시범단지점,"경기 성남시 분당구 중앙공원로40번길 8 (서현동, 현대근린상가)",성남시
분당쉐르빌점,"경기 성남시 분당구 정자일로 100 (정자동, 미켈란쉐르빌)",성남시
분당신기사거리점,경기 성남시 분당구 불정로87번길 17 (정자동),성남시
분당아름마을점,경기 성남시 분당구 판교로 443 (야탑동),성남시
분당장안타운점,경기 성남시 분당구 분당로263번길 35 (서현동),성남시
분당중탑점,"경기 성남시 분당구 벌말로 35 (야탑동, 대명빌딩)",성남시
분당파크뷰점,"경기 성남시 분당구 정자일로 248 (정자동, 파크뷰)",성남시
분당효자촌점,경기 성남시 분당구 돌마로486번길 6 (서현동),성남시
서판교점,"경기 성남시 분당구 서판교로44번길 2 (판교동, 키즈스쿨)",성남시
서현점,경기 성남시 분당구 황새울로342번길 11 (서현동),성남시
서현중앙점,경기 성남시 분당구 중앙공원로39번길 49 (서현동),성남시
수내양지마을점,경기 성남시 분당구 내정로165번길 50 (수내동),성남시
수내중앙점,"경기 성남시 분당구 내정로173번길 11 (수내동, 양지마을한양아파트)",성남시
수내파크타운점,경기 성남시 분당구 내정로166번길 43 (수내동),성남시
수내푸른마을점,경기 성남시 분당구 불정로 254 (수내동),성남시
야탑2호점,경기 성남시 분당구 야탑로69번길 8 (야탑동),성남시
야탑역점,경기 성남시 분당구 장미로 78 (야탑동),성남시
야탑중앙점,경기 성남시 분당구 매화로 41 (야탑동),성남시
오리역중앙점,경기 성남시 분당구 구미로 11 (구미동),성남시
정자역점,"경기 성남시 분당구 정자일로 177 (정자동, 인텔리지Ⅱ)",성남시
판교대장지구점,경기 성남시 분당구 판교대장로7길 6-44 (대장동),성남시
판교봇들마을점,"경기 성남시 분당구 판교로 375 (삼평동, 메가스페이스1)",성남시
판교우림W시티점,경기 성남시 분당구 판교로255번길 9-22 (삼평동),성남시
판교중앙점,경기 성남시 분당구 판교역로 182 (삼평동),성남시
남한산성입구역점,경기 성남시 중원구 산성대로 460 (금광동),성남시
단대오거리역점,경기 성남시 중원구 산성대로 344 (중앙동),성남시
성남skn테크노파크점,"경기 성남시 중원구 사기막골로 124 (상대원동, SKn테크노파크)",성남시
성남금광점,경기 성남시 중원구 광명로 329-1 (금광동),성남시
성남도촌동점,경기 성남시 중원구 도촌남로 33 (도촌동),성남시
성남동점,"경기 성남시 중원구 둔촌대로 115 (성남동, 신성빌딩)",성남시
성남상대원시장점,경기 성남시 중원구 희망로 334 (상대원동),성남시
성남상대원점,경기 성남시 중원구 금상로57번길 4 (금광동),성남시
성남시청점,"경기 성남시 중원구 양현로405번길 7 (여수동, 신야탑푸르지오시티2)",성남시
성남하대원점,경기 성남시 중원구 둔촌대로 272 (하대원동),성남시
서수원이마트점,"경기 수원시 권선구 수인로 291 (구운동, 서수원버스터미널)",수원시
수원SKV1모터스점,경기 수원시 권선구 평동로79번길 45 (평동),수원시
수원고색산업단지점,경기 수원시 권선구 산업로156번길 201 (고색동),수원시
수원고색중앙점,경기 수원시 권선구 고현로25번길 3 (고색동),수원시
수원곡반정동점,경기 수원시 권선구 곡반정로97번길 20 (곡반정동),수원시
수원구운동점,경기 수원시 권선구 구운동,수원시
수원권선자이점,"경기 수원시 권선구 권광로 55 (권선동, 권선자이 이편한세상)",수원시
수원권선중앙점,경기 수원시 권선구 동수원로242번길 9 (권선동),수원시
수원금곡점,경기 수원시 권선구 금곡동 ,수원시
수원능실마을점,경기 수원시 권선구 호매실로90번길 116 (호매실동),수원시
수원당수점,경기 수원시 권선구 당진로15번길 1 (당수동),수원시
수원매실로점,경기 수원시 권선구 호매실로218번길 124 (호매실동),수원시
수원센트럴점,경기 수원시 권선구 세류로 55 (세류동),수원시
수원오목천점,경기 수원시 권선구 삼천병마로1592번길 3-4 (오목천동),수원시
수원탑동점,경기 수원시 권선구 탑동 ,수원시
수원터미널점,"경기 수원시 권선구 경수대로 270 (권선동, 터미널동, 할인점동)",수원시
수원호매실점,경기 수원시 권선구 금곡동 ,수원시
수원호매실중앙점,"경기 수원시 권선구 금곡로 204 (금곡동, 세종타운721)",수원시
수원경기대점,경기 수원시 장안구 연무동 ,수원시
수원서문점,경기 수원시 장안구 장안로 10 (영화동),수원시
수원영화점,"경기 수원시 장안구 수성로258번길 3 (영화동, 메가플러스)",수원시
수원일월공원점,경기 수원시 장안구 일월로 68 (천천동),수원시
수원장안구청점,경기 수원시 장안구 송원로 69 (송죽동),수원시
수원조원점,경기 수원시 장안구 금당로 46 (조원동),수원시
수원천천점,"경기 수원시 장안구 만석로19번길 25-5 (천천동, 센타프라자)",수원시
수원한일타운점,"경기 수원시 장안구 송원로 113 (조원동, 조원빌딩)",수원시
성빈센트병원점,경기 수원시 팔달구 중부대로 93-1 (지동),수원시
수원ak&점,"경기 수원시 팔달구 덕영대로 924 (매산로1가, AK플라자)",수원시
수원고등점,경기 수원시 팔달구 고매로 26 (고등동),수원시
수원로데오점,경기 수원시 팔달구 갓매산로 46 (매산로2가),수원시
수원메르디앙점,경기 수원시 팔달구 경수대로604번길 19 (우만동),수원시
수원백성병원점,경기 수원시 팔달구 인계동,수원시
수원율현점,경기 수원시 팔달구 일월로42번길 14-28 (화서동),수원시
수원인계점,"경기 수원시 팔달구 권광로 169 (인계동, 이화빌딩)",수원시
수원인계중앙점,경기 수원시 팔달구 인계동 ,수원시
수원인계한신점,"경기 수원시 팔달구 경수대로 549 (인계동, 동수원빌딩)",수원시
수원팔달로점,경기 수원시 팔달구 팔달로3가 ,수원시
수원화성갈비점,경기 수원시 팔달구 중부대로34번길 25 (인계동),수원시
화서오거리점,경기 수원시 팔달구 화서동 ,수원시
시흥배곧신도시점,"경기 시흥시 서울대학로278번길 21 (정왕동, 새롬프라자2)",시흥시
시흥우림아울렛점,경기 시흥시 서해안로 1605 (대야동),시흥시
시화로데오점,경기 시흥시 중심상가2길 20-13 (정왕동),시흥시
시흥능곡점,경기 시흥시 장현능곡로 198 (능곡동),시흥시
시흥목감점,경기 시흥시 동서로 1086 (목감동),시흥시
고잔이마트점,"경기 안산시 단원구 원포공원1로 46 (초지동, 이마트)",안산시
대부도메르블루점,경기 안산시 단원구 부흥로 287-162 (대부남동),안산시
대부도펜션타운점,경기 안산시 단원구 참살이2길 12 (선감동),안산시
안산고대병원점,"경기 안산시 단원구 적금로 123 (고잔동, 고려대학병원)",안산시
안산고잔로데오점,"경기 안산시 단원구 광덕2로 164 (고잔동, 메디피아)",안산시
안산고잔역점,경기 안산시 단원구 다리간로 18 (고잔동),안산시
안산고잔점,"경기 안산시 단원구 고잔로 54 (고잔동, 에이스타워)",안산시
안산고잔홈플러스점,"경기 안산시 단원구 광덕대로 175 (고잔동, 삼성홈플러스)",안산시
안산광덕대로점,"경기 안산시 단원구 광덕3로 178 (고잔동, 화승타운)",안산시
안산단원병원점,"경기 안산시 단원구 원포공원1로 19 (초지동, 원포빌딩)",안산시
안산대부북동점,경기 안산시 단원구 대부황금로 1203 (대부북동),안산시
안산리더스카이점,경기 안산시 단원구 와동로 125 (와동),안산시
안산반달섬점,"경기 안산시 단원구 엠티브이17로 27 (성곡동, 반달섬 파크프라자)",안산시
안산반월공단점,"경기 안산시 단원구 동산로 76 (원시동, 타원TAKRA2지식산업센타)",안산시
안산서울예대점,경기 안산시 단원구 예술대학로 161 (고잔동),안산시
안산선부동점,"경기 안산시 단원구 선부광장북로 36 (선부동, 벽산블루밍아파트)",안산시
안산선부로점,경기 안산시 단원구 선부로 110-1 (선부동),안산시
안산선부중앙점,경기 안산시 단원구 선부로 191 (선부동),안산시
안산스포츠파크점,경기 안산시 단원구 첨단로 644 (초지동),안산시
안산시아테마파크점,"경기 안산시 단원구 광덕1로 276 (고잔동, 시아테마파크)",안산시
안산신길점,경기 안산시 단원구 신길로 9-4 (신길동),안산시
안산오토돔점,경기 안산시 단원구 풍전로 53 (원곡동),안산시
안산와동점,경기 안산시 단원구 와동로 44 (와동),안산시
안산원곡동점,"경기 안산시 단원구 라성안길 17 (원곡동, 베스트플라자)",안산시
안산원시역점,경기 안산시 단원구 별망로 555 (원시동),안산시
안산자유센터점,경기 안산시 단원구 화랑로 358 (고잔동),안산시
안산중앙역점,"경기 안산시 단원구 광덕4로 234 (고잔동, 천혜로데오프라자)",안산시
안산초지점,"경기 안산시 단원구 광덕1로 55 (초지동, 21세기타워)",안산시
안산초지푸르지오점,"경기 안산시 단원구 화랑로 160 (초지동, 단지내 상가)",안산시
안산한도병원점,경기 안산시 단원구 선부광장로 95 (선부동),안산시
안산호수동점,"경기 안산시 단원구 광덕대로 130 (고잔동, 폴리타운)",안산시
안성공도점,경기 안성시 공도읍 공도3로 14 (만정리),안성시
범계역점,경기 안양시 동안구 평촌대로217번길 45 (호계동),안양시
범계점,경기 안양시 동안구 시민대로 202 (호계동),안양시
안양SKV1점,"경기 안양시 동안구 엘에스로116번길 25-32 (호계동, 안양 SK V1 center)",안양시
안양관양시장점,경기 안양시 동안구 관평로 324 (관양동),안양시
안양관양점,"경기 안양시 동안구 관악대로388번길 3 (관양동, 고양빌딩)",안양시
안양동편마을점,경기 안양시 동안구 동편로 140 (관양동),안양시
안양법원점,"경기 안양시 동안구 시민대로 277 (관양동, 세방글로벌시티)",안양시
안양벤처다임점,경기 안양시 동안구 흥안대로 415 (평촌동),안양시
안양비산사거리점,경기 안양시 동안구 경수대로883번길 96 (비산동),안양시
안양종합운동장점,경기 안양시 동안구 평촌대로 364 (비산동),안양시
인덕원벌말점,경기 안양시 동안구 흥안대로456번길 42 (평촌동),안양시
인덕원역점,경기 안양시 동안구 흥안대로 517 (관양동),안양시
평촌더샵센트럴시티점,"경기 안양시 동안구 부림로 188 (관양동, 청용빌딩)",안양시
평촌샛별점,"경기 안양시 동안구 동안로 194 (비산동, 한양스포츠센타)",안양시
평촌센텀퍼스트점,경기 안양시 동안구 경수대로 546-1 (호계동),안양시
평촌스마트스퀘어점,"경기 안양시 동안구 시민대로327번길 6 (관양동, W에이스타워)",안양시
평촌점,경기 안양시 동안구 관평로182번길 54 (관양동),안양시
평촌학원가점,경기 안양시 동안구 평촌대로 133 (호계동),안양시
성결대점,경기 안양시 만안구 냉천로 2 (안양동),안양시
안양1번가점,경기 안양시 만안구 만안로 207 (안양동),안양시
안양7동점,경기 안양시 만안구 전파로 23 (안양동),안양시
안양대점,경기 안양시 만안구 안양로257번길 23 (안양동),안양시
안양덕천래미안점,"경기 안양시 만안구 태평로60번길 42 (안양동, 센트럴타워2)",안양시
안양덕천점,경기 안양시 만안구 덕천로48번길 48 (안양동),안양시
안양박달점,경기 안양시 만안구 박달로 529-1 (박달동),안양시
안양석수역점,"경기 안양시 만안구 연현로 101 (석수동, 연현씨티빌)",안양시
안양연성대점,경기 안양시 만안구 양화로 34 (안양동),안양시
안양예술공원점,경기 안양시 만안구 예술공원로 148 (안양동),안양시
안양점,"경기 안양시 만안구 안양로 316 (안양동, VON PLAZA)",안양시
안양중앙점,"경기 안양시 만안구 안양로 283 (안양동, 안양빌딩)",안양시
양주고암동점,경기 양주시 회천남로 294 (고암동),양주시
양주송추점,경기 양주시 장흥면 호국로 553,양주시
양주장흥점,경기 양주시 장흥면 권율로 6 (일영리),양주시
양주미소점,경기 양주시 부흥로 2151 (삼숭동),양주시
양주고읍점,경기 양주시 고읍남로 1 힘찬프라자 ,양주시
양주해동마을점,경기 양주시 고읍남로39번길 129-8 (광사동),양주시
양주덕계점,경기 양주시 평화로 1426 (덕계동),양주시
양주덕계중앙점,경기 양주시 평화로 1491 (덕계동),양주시
양주코레일점,"경기 양주시 평화로 919 (남방동, 양주역)",양주시
양주회정점,경기 양주시 평화로 1571 (회정동),양주시
오산세교점,경기 오산시 수청로106번길 6-3 (금암동),오산시
오산원동점,경기 오산시 경기대로 154 (원동),오산시
강남대점,경기 용인시 기흥구 강남로 9 (구갈동),용인시
수원신갈IC점,"경기 용인시 기흥구 중부대로 317 (신갈동, 안전빌딩)",용인시
용인IT밸리점,경기 용인시 기흥구 흥덕1로 30 (영덕동),용인시
용인구성점,경기 용인시 기흥구 구성로 94 (언남동),용인시
용인기흥구청점,경기 용인시 기흥구 관곡로 92 (구갈동),용인시
용인기흥역점,경기 용인시 기흥구 기흥로30번길 10-17 (구갈동),용인시
용인농서점,경기 용인시 기흥구 서천로202번길 5 (농서동),용인시
용인동백역점,경기 용인시 기흥구 동백중앙로 177 (중동),용인시
용인동백중앙점,경기 용인시 기흥구 동백중앙로 283 (중동),용인시
용인동백호수점,경기 용인시 기흥구 평촌2로2번길 12 (동백동),용인시
용인마북점,경기 용인시 기흥구 마북로154번길 3 (마북동),용인시
용인마북중앙점,경기 용인시 기흥구 용구대로 2398 (마북동),용인시
용인물푸레마을점,경기 용인시 기흥구 구성3로28번길 20 (청덕동),용인시
용인백현점,경기 용인시 기흥구 동백중앙로 358-8 (동백동),용인시
용인보라점,경기 용인시 기흥구 한보라2로14번길 4-10 (보라동),용인시
용인보정점,"경기 용인시 기흥구 죽전로 46 (보정동, 타워시티)",용인시
용인보정중앙점,"경기 용인시 기흥구 보정로 32 (보정동, 지젤스포츠클럽)",용인시
용인상갈점,"경기 용인시 기흥구 금화로 101 (상갈동, 그린빌프라자)",용인시
용인서천점,"경기 용인시 기흥구 서그내로 31 (서천동, 용인서천 효성해링턴플레이스)",용인시
용인신갈점,경기 용인시 기흥구 새천년로 20 (신갈동),용인시
용인신갈중앙점,경기 용인시 기흥구 신갈로58번길 33 (신갈동),용인시
용인신동백점,경기 용인시 기흥구 동백죽전대로527번길 100-3 (중동),용인시
용인어정역점,"경기 용인시 기흥구 어정로 139 (중동, 라비스타)",용인시
용인죽전누리에뜰점,"경기 용인시 기흥구 죽전로 20 (보정동, 죽전누리에뜰아파트)",용인시
용인하나로마트점,경기 용인시 기흥구 중부대로 682 (상하동),용인시
용인흥덕점,경기 용인시 기흥구 흥덕1로79번길 2 (영덕동),용인시
흥덕이마트점,경기 용인시 기흥구 흥덕중앙로 60 (영덕동),용인시
용인고림점,"경기 용인시 처인구 고림로200번길 1 (고림동, 포비프라자)",용인시
용인고진역점,경기 용인시 처인구 백옥대로 1238 (유방동),용인시
용인둔전점,"경기 용인시 처인구 포곡읍 포곡로 99 (둔전리, 한국유통)",용인시
용인마평점,"경기 용인시 처인구 금령로 147 (마평동, 한솔빌딩)",용인시
용인백암점,경기 용인시 처인구 백암면 덕평로 1-1 (근곡리),용인시
용인양지점,"경기 용인시 처인구 양지면 양대로 13 (양지리, 양지추어탕)",용인시
용인에버랜드역점,경기 용인시 처인구 포곡읍 전대로78번길 19-2 ,용인시
용인역북점,경기 용인시 처인구 명지로40번길 16 (역북동),용인시
용인역북중앙점,경기 용인시 처인구 중부대로1313번길 2 (역북동),용인시
용인외대점,"경기 용인시 처인구 모현읍 외대로 36 (왕산리, 우주빌딩)",용인시
용인천리점,경기 용인시 처인구 이동읍 백옥대로 618 (천리),용인시
용인터미널점,경기 용인시 처인구 백옥대로 1089 (김량장동),용인시
용인포곡점,경기 용인시 처인구 포곡읍 포곡로 220 (둔전리),용인시
용인한숲시티점,"경기 용인시 처인구 남사면 한숲로 123 (완장리, e편한세상 용인 한숲시티)",용인시
처인구청점,경기 용인시 처인구 금령로 61 (김량장동),용인시
의정부발곡프라자점,경기 의정부시 회룡로 178 (장암동),의정부시
의정부서부점,"경기 의정부시 시민로 81 (의정부동, 서부타워빌딩)",의정부시
의정부솔뫼DT점,경기 의정부시 시민로 442 (용현동),의정부시
의정부시민로점,"경기 의정부시 시민로 39 (의정부동, 의정부 대정프라자)",의정부시
가능역점,"경기 의정부시 평화로 630 (의정부동, 플러스빌딩)",의정부시
망월사역점,경기 의정부시 평화로 224 (호원동),의정부시
의정부3동점,"경기 의정부시 평화로 483 (의정부동, 청석빌딩)",의정부시
의정부동부점,경기 의정부시 평화로 547 (의정부동),의정부시
의정부녹양점,경기 의정부시 비우로 102 (녹양동),의정부시
의정부민락2지구점,경기 의정부시 오목로 215 (민락동),의정부시
의정부장암역점,경기 의정부시 동일로128번길 13 (장암동),의정부시
이천이마트점,경기 이천시 이섭대천로 1440-50 (증포동),이천시
이천터미널점,"경기 이천시 이섭대천로 1200 (중리동, 종합버스터미널)",이천시
이천가좌로점,"경기 이천시 부발읍 가좌로 45 (가좌리, 아이펙스)",이천시
이천부발점,경기 이천시 부발읍 경충대로 2096-4 (아미리),이천시
포천개성인삼농협점,경기 포천시 호국로 1423 (어룡동),포천시
포천신읍중앙점,경기 포천시 호국로 1499 (신읍동),포천시
광릉수목원점,경기 포천시 소흘읍 광릉수목원로 698,포천시
포천소흘점 ,경기 포천시 소흘읍 호국로 493-6 (이동교리),포천시
포천송우리중앙점,경기 포천시 소흘읍 송우로 74 (송우리),포천시
포천이가팔리입구점,경기 포천시 소흘읍 죽엽산로 3 (송우리),포천시
미사센텀비즈점,"경기 하남시 조정대로 45 (풍산동, 미사센텀비즈)",하남시
하남학암힐스테이트점,"경기 하남시 위례대로6길 15 (학암동, 힐스테이트 센트럴 위례)",하남시
미사망월점,경기 하남시 미사강변북로30번길 14 (망월동),하남시
하남현대지식산업센터2차점,경기 하남시 미사대로 520 (덕풍동),하남시
하남현대지식산업센터점,"경기 하남시 미사대로 550 (덕풍동, 현대지식산업센터 한강미사)",하남시
하남덕풍초교점,경기 하남시 신장로 200 (덕풍동),하남시
하남검단산역점,경기 하남시 대청로 73 (신장동),하남시
하남시청점,"경기 하남시 대청로 15 (신장동, 오피스텔트레벨)",하남시
하남시청역점,"경기 하남시 하남대로 815 (신장동, 명지캐럿108)",하남시
화성남양점,경기 화성시 남양읍 남양성지로 135 (남양리),화성시
화성남양중앙점,"경기 화성시 남양읍 역골중앙로 118 (남양리, 동광뷰엘)",화성시
수원대점,경기 화성시 봉담읍 와우안길 16,화성시
화성봉담동화점,경기 화성시 봉담읍 동화길 93-12 (동화리),화성시
화성봉담점,경기 화성시 봉담읍 상봉길 31,화성시
화성봉담중앙점,경기 화성시 봉담읍 장등1길 3-7 (상리),화성시
화성발안점,경기 화성시 향남읍 발안공단로 90 (구문천리),화성시
화성향남상신점,경기 화성시 향남읍 상신하길로 74 (상신리),화성시
화성향남시범점,경기 화성시 향남읍 행정중앙1로 10 (행정리),화성시
화성향남점,경기 화성시 향남읍 행정중앙2로 67,화성시
화성향남홈플러스점,"경기 화성시 향남읍 향남로 402 (행정리, 홈플러스 화성향남점)",화성시
동탄2시범단지점,경기 화성시 동탄대로시범길 189 (청계동),화성시
동탄2카림애비뉴점,"경기 화성시 동탄대로시범길 134 (청계동, 시범 반도유보라 아이비파크4.0)",화성시
동탄북광장점,"경기 화성시 동탄지성로 12 (반송동, 월드프라자)",화성시
동탄센트럴파크점,경기 화성시 동탄지성로 94 (반송동),화성시
동탄대로점,경기 화성시 동탄대로14길 5-11 (오산동),화성시
동탄역CGV점,경기 화성시 동탄대로 537 (오산동),화성시
동탄치동점,경기 화성시 동탄대로21가길 4-10 (영천동),화성시
동탄호수공원점,경기 화성시 동탄대로5길 32 (송동),화성시
동탄산척점,경기 화성시 동탄순환대로14길 82-9 (산척동),화성시
동탄호수포레나점,경기 화성시 동탄순환대로 26 (장지동),화성시
화성동탄SKV1점,"경기 화성시 동탄순환대로 830 (영천동, 동탄 SK V1 center)",화성시
화성반월점,경기 화성시 영통로26번길 33 (반월동),화성시
동탄IX타워점,"경기 화성시 동탄첨단산업1로 27 (영천동, 금강펜테리움 IX타워)",화성시
화성동탄역1호점,경기 화성시 동탄역로 124 (오산동),화성시
고양내유점,경기 고양시 덕양구 통일로 1072 (내유동),고양시
고양동산점,경기 고양시 덕양구 동세로 11 (동산동),고양시
고양벽제삼거리점,경기 고양시 덕양구 혜음로 166 (고양동),고양시
고양삼송시티점,"경기 고양시 덕양구 동송로 33 (동산동, 이편한세상시티삼송)",고양시
고양삼송역점,경기 고양시 덕양구 삼송로 189-7 (삼송동),고양시
고양삼송중앙점,경기 고양시 덕양구 고양대로 1772 (삼송동),고양시
고양서오릉점,경기 고양시 덕양구 서오릉로 440 (용두동),고양시
고양어울림점,경기 고양시 덕양구 고양대로1384번길 15 (성사동),고양시
고양지축중앙점,경기 고양시 덕양구 지축로 86 (지축동),고양시
고양지축초교점,경기 고양시 덕양구 오부자1길 42 (지축동),고양시
고양향동점,경기 고양시 덕양구 꽃내음2길 50-3 (향동동),고양시
고양화정동점,경기 고양시 덕양구 성신로 22 (화정동),고양시
능곡역점,"경기 고양시 덕양구 토당로 54 (토당동, 충정회관)",고양시
능곡점,경기 고양시 덕양구 지도로 100 (토당동),고양시
원흥도내동점,경기 고양시 덕양구 도래울로 34 (도내동),고양시
원흥역점,경기 고양시 덕양구 삼송로 8 (원흥동),고양시
원흥중앙점,경기 고양시 덕양구 도래울로 105 (도내동),고양시
일산고양동점,경기 고양시 덕양구 혜음로 42 (고양동),고양시
행신서정점,경기 고양시 덕양구 중앙로 438 (행신동),고양시
행신역점,경기 고양시 덕양구 충장로 20 (행신동),고양시
행신점,"경기 고양시 덕양구 중앙로 554 (행신동, 희성프라자)",고양시
행신중앙점,"경기 고양시 덕양구 행신로 131-11 (행신동, 행신3차에스케이뷰아파트)",고양시
화정별빛마을점,"경기 고양시 덕양구 화신로 319 (화정동, 문정빌딩)",고양시
화정이마트점,경기 고양시 덕양구 백양로 79 (화정동),고양시
화정중앙공원점,"경기 고양시 덕양구 백양로 65 (화정동, 동도센트리움)",고양시
화정중앙점,경기 고양시 덕양구 화중로130번길 32 (화정동),고양시
가천대점,"경기 성남시 수정구 성남대로 1334 (태평동, 경원프라자)",성남시
동서울대점,경기 성남시 수정구 복정로 68 (복정동),성남시
북판교고등점,"경기 성남시 수정구 청계산로1길 25 (고등동, 카사벨라)",성남시
성남고등동점,경기 성남시 수정구 청계산로4길 31 (고등동),성남시
성남고등풍경채점,경기 성남시 수정구 고등공원로 19 (고등동),성남시
성남단대점,경기 성남시 수정구 산성대로 383 (단대동),성남시
성남복정도서관점,경기 성남시 수정구 복정로 121 (복정동),성남시
성남수정구청점,경기 성남시 수정구 수정로 285 (신흥동),성남시
신흥역점,경기 성남시 수정구 산성대로 271-1 (신흥동),성남시
위례중앙역점,"경기 성남시 수정구 위례광장로 322 (창곡동, 아이플렉스)",성남시
위례중앙타워점,"경기 성남시 수정구 위례광장로 300 (창곡동, 위례중앙역 중앙타워)",성남시
위례푸른초교점,"경기 성남시 수정구 위례동로 147 (창곡동, 위례건아타워)",성남시
을지대점,경기 성남시 수정구 수정로578번길 28 (양지동),성남시
탄리사거리점,"경기 성남시 수정구 수정로 154 (신흥동, 한성빌딩)",성남시
태평역점,"경기 성남시 수정구 수정로 81 (태평동, 동인트루빌)",성남시
판교파미어스몰점,경기 성남시 수정구 창업로 17 (시흥동),성남시
여주교동점,경기 여주시 세종로 251 (교동),여주시
여주이마트점,"경기 여주시 세종로 151 (홍문동, 여주 이마트)",여주시
여주터미널점,"경기 여주시 세종로 85 (홍문동, 여주종합터미널)",여주시
여주가남점,경기 여주시 가남읍 태평1길 4,여주시
평택경기대로점,"경기 평택시 경기대로 271 (비전동, 패밀리타운)",평택시
안중백병원점,"경기 평택시 안중읍 서동대로 1931-21 (금곡리, 안중백병원)",평택시
평택안중점,경기 평택시 안중읍 송담2로 31 (송담리),평택시
평택안중홈플러스점,경기 평택시 안중읍 서동대로 1489 (현화리),평택시
평택성모병원점,경기 평택시 평택로 286 (세교동) 1층,평택시
평택청북점,"경기 평택시 청북읍 청북남로 253 (옥길리, 골드라인)",평택시
평택고덕중앙점,경기 평택시 고덕면 고덕여염12길 22 (여염리),평택시
평택삼성반도체바이오점,"경기 평택시 고덕면 고덕여염9길 25 (여염리, 삼성위너스프라자)",평택시
고양성저마을점,"경기 고양시 일산서구 대산로 212 (대화동, (주)오네뜨빌딩)",고양시
대화마을점,경기 고양시 일산서구 대화로 138 (대화동),고양시
일산가좌마을점,경기 고양시 일산서구 가좌4로 2 (가좌동),고양시
일산강선마을점,"경기 고양시 일산서구 중앙로 1376 (주엽동, 강선마을10단지아파트)",고양시
일산산들점,경기 고양시 일산서구 원일로 117 (일산동),고양시
일산시장점,경기 고양시 일산서구 원일로 69 (일산동),고양시
일산원마운트점,"경기 고양시 일산서구 한류월드로 300 (대화동, 원마운트)",고양시
일산킨텍스꿈에그린점 ,"경기 고양시 일산서구 킨텍스로 240 (대화동, 킨텍스 꿈에그린)",고양시
일산하이파크점,경기 고양시 일산서구 하이파크1로 77 (덕이동),고양시
일산후곡점,"경기 고양시 일산서구 일산로 548 (일산동, 덕흥프라자)",고양시
주엽롯데마트점,"경기 고양시 일산서구 중앙로 1496 (주엽동, 롯데마트)",고양시
주엽역점,경기 고양시 일산서구 중앙로 1437 (주엽동),고양시
킨텍스홈플러스점,경기 고양시 일산서구 호수로 817 (대화동),고양시
김포장기제일점,경기 김포시 태장로795번길 23 (장기동),김포시
김포라베니체점,"경기 김포시 김포한강2로23번길 10 (장기동, 라베니체마치에비뉴Ⅰ)",김포시
김포운유초교점,"경기 김포시 김포한강2로 232 (장기동, 한강노블레스)",김포시
김포운양점,경기 김포시 김포한강11로 288-5 (운양동),김포시
김포풍년마을점,경기 김포시 사우중로 89 (북변동),김포시
김포고촌점,"경기 김포시 고촌읍 김포대로 340 (신곡리, 김포뉴시티)",김포시
김포걸포메트로자이점,경기 김포시 걸포2로 49 (걸포동),김포시
김포구래점,경기 김포시 김포한강8로 378 (구래동),김포시
김포마산점,"경기 김포시 김포한강8로 163 (마산동, 한강스퀘어빌딩)",김포시
부천상동역점,"경기 부천시 길주로 111 (상동, 센타프라자)",부천시
부천상동홈플러스점,"경기 부천시 길주로 118 (상동, 삼성홈플러스상동점)",부천시
부천로점,경기 부천시 부천로 270 (도당동),부천시
부천원미구청점,경기 부천시 부천로 140 (원미동),부천시
부천뉴코아점,"경기 부천시 송내대로 239 (상동, 부천터미널소풍)",부천시
송내남부역점,경기 부천시 송내대로 31 (송내동),부천시
부천부흥로점,경기 부천시 부흥로 187 (중동),부천시
부천성모병원점,경기 부천시 부흥로 472 (소사동),부천시
부천센트리움점,"경기 부천시 경인로 189 (심곡본동, 심곡본동 동도 센트리움)",부천시
온수e편한세상점,경기 부천시 경인로 605 (괴안동),부천시
부천세무서점,경기 부천시 신흥로 266 (중동),부천시
부천상2동점,경기 부천시 조마루로105번길 8-8 (상동),부천시
부천중동시계탑점,"경기 부천시 조마루로297번길 33 (중동, 엔터프라이즈빌딩)",부천시
부천북부역점,경기 부천시 부일로 455 (심곡동),부천시
역곡북부역점,경기 부천시 부일로 743 (역곡동),부천시
부천상3동점,"경기 부천시 상동로117번길 61 (상동, 드라마씨티)",부천시
부천상동점,"경기 부천시 상동로 79 (상동, 수석프라자)",부천시
부천범박동점,경기 부천시 양지로67번길 26 (범박동),부천시
부천소사점,경기 부천시 소사로 214 (소사본동),부천시
부천소사중앙점,경기 부천시 소사로282번길 8 (소사동),부천시
부천소새울역점,경기 부천시 소사로 141 (소사본동),부천시
부천중동로데오점,"경기 부천시 소향로253번길 17 (중동, 충도프라자)",부천시
GBSA점,경기 수원시 영통구 광교로 107 (이의동),수원시
광교아이스링크점,경기 수원시 영통구 광교호수로 165 (하동),수원시
수원경희대점,"경기 수원시 영통구 덕영대로 1709 (영통동, 경희유니빌)",수원시
수원광교고교점,경기 수원시 영통구 도청로89번길 43 (이의동),수원시
수원광교에듀타운점,경기 수원시 영통구 도청로17번길 40 (이의동),수원시
수원광교역점,경기 수원시 영통구 대학1로 49 (이의동),수원시
수원광교웰빙점,경기 수원시 영통구 웰빙타운로49번길 36 (이의동),수원시
수원광교호수공원점,"경기 수원시 영통구 법조로 38 (하동, 광교 더샵 레이크파크)",수원시
수원디지털엠파이어2점,"경기 수원시 영통구 신원로 88 (신동, 디지털엠파이어2)",수원시
수원망포역점,"경기 수원시 영통구 영통로 195 (망포동, 골든스퀘어)",수원시
수원망포점,"경기 수원시 영통구 영통로 115 (망포동, 신영통 알파빌딩)",수원시
수원매영로점,경기 수원시 영통구 매영로 52 (매탄동),수원시
수원매탄점,"경기 수원시 영통구 효원로 393 (매탄동, 밀래니엄프라자)",수원시
수원삼성교점,경기 수원시 영통구 인계로 289 (매탄동),수원시
수원삼성정문점,경기 수원시 영통구 삼성로 186-1 (매탄동),수원시
수원신동점,경기 수원시 영통구 권선로882번길 115-2 (신동),수원시
수원아주대점,"경기 수원시 영통구 월드컵로 191 (원천동, 동문빌딩)",수원시
수원영통점,"경기 수원시 영통구 봉영로 1590 (영통동, 밀레니엄 프라자)",수원시
수원영통중앙점,"경기 수원시 영통구 봉영로 1613 (영통동, 영통하우스토리)",수원시
수원원천동점,"경기 수원시 영통구 중부대로448번길 97 (원천동, 삼성테크노파크)",수원시
수원황골마을점,경기 수원시 영통구 봉영로1759번길 7 (영통동),수원시
아주대삼거리점,경기 수원시 영통구 중부대로 264-1 (매탄동),수원시
동안산병원점,경기 안산시 상록구 월피로 81 (월피동),안산시
안산그랑시티자이점,경기 안산시 상록구 해안로 776 (사동),안산시
안산반월공원점,경기 안산시 상록구 본오로 55 (본오동),안산시
안산반월동점,경기 안산시 상록구 창말2길 25 (건건동),안산시
안산본오동2호점,경기 안산시 상록구 샘골로 184 (본오동),안산시
안산본오동점,경기 안산시 상록구 샘골로 154 (본오동),안산시
안산본오중앙점,경기 안산시 상록구 각골로 63 (본오동),안산시
안산부곡동점,경기 안산시 상록구 부곡로 115 (부곡동),안산시
안산사동점,"경기 안산시 상록구 감골2로 13 (사동, 예누림 분산상가동)",안산시
안산사동중앙점,경기 안산시 상록구 항가울로 19 (사동),안산시
안산상록구청점,경기 안산시 상록구 석호로 107 (사동),안산시
안산상록수역점,"경기 안산시 상록구 상록수로 44 (본오동, 상림프라자)",안산시
안산성포동점,경기 안산시 상록구 예술광장1로 124 (성포동),안산시
안산수암동점,경기 안산시 상록구 수암2길 3 (수암동),안산시
안산식물원사거리점,경기 안산시 상록구 도매시장로 91 (일동),안산시
안산월피동점,경기 안산시 상록구 광덕산2로 17 (월피동),안산시
안산월피현대점,"경기 안산시 상록구 충장로 579 (월피동, 안산현대2차아파트 상가동(B동))",안산시
안산일동점,경기 안산시 상록구 안산대학로 97 (일동),안산시
안산한대앞역점,"경기 안산시 상록구 중보로 49 (이동, 숭실프라자)",안산시
안산한대점,경기 안산시 상록구 한양대학로 40 (사동),안산시
양평롯데마트점,경기 양평군 양평읍 남북로 76 (공흥리),양평군
양평양근로점,경기 양평군 양평읍 양근로 67 (양근리),양평군
양평파크점,경기 양평군 양평읍 중앙로 208,양평군
광교상현역점,경기 용인시 수지구 광교중앙로296번길 14 (상현동),용인시
광교숲속마을점,경기 용인시 수지구 광교호수로378번길 1 (상현동),용인시
단대죽전점,"경기 용인시 수지구 죽전로144번길 7-5 (죽전동, 단대로데오타워)",용인시
수지구청점,경기 용인시 수지구 풍덕천로 142 (풍덕천동),용인시
수지동천자이점,"경기 용인시 수지구 고기로 89 (동천동, 동천자이아파트)",용인시
수지동천점,경기 용인시 수지구 동천로 24 (동천동),용인시
수지동천중앙점,경기 용인시 수지구 문인로 64-1 (동천동),용인시
수지성복역점,경기 용인시 수지구 수지로 119 (성복동),용인시
수지성복점,경기 용인시 수지구 성복2로 226 (성복동),용인시
수지신봉점,경기 용인시 수지구 신봉2로 2 (신봉동),용인시
수지신봉초교점,경기 용인시 수지구 신봉2로 115-16 (신봉동),용인시
수지이편한세상점,"경기 용인시 수지구 포은대로313번길 7-10 (풍덕천동, e편한세상 수지)",용인시
수지점,경기 용인시 수지구 수지로296번길 51-9 (풍덕천동),용인시
수지풍덕천점,경기 용인시 수지구 정평로 40-4 (풍덕천동),용인시
용인상현마을점,"경기 용인시 수지구 상현로 6 (상현동, 광교상현 솔하임)",용인시
용인상현중앙점,"경기 용인시 수지구 수지로 77 (상현동, 힐프라자)",용인시
용인성복느티나무점,"경기 용인시 수지구 성복1로 80 (성복동, 성복역 서희스타힐스)",용인시
용인죽전대지점,경기 용인시 수지구 대지로 42 (죽전동),용인시
죽전벽산점,"경기 용인시 수지구 용구대로2801번길 2 (죽전동, 디지탈프라자)",용인시
파주엘씨디로점,경기 파주시 탄현면 엘씨디로241번길 22 (금승리),파주시
파주목동점,경기 파주시 와석순환로252번길 12 (목동동),파주시
파주운정점,경기 파주시 와석순환로 78 (야당동),파주시
파주가람마을점,경기 파주시 가람로 6 (와동동),파주시
파주운정가람점,경기 파주시 가람로 71 (와동동),파주시
야당역점,경기 파주시 경의로 1080 (야당동),파주시
파주운정이마트점,경기 파주시 한울로 123 (동패동),파주시
지행역점,경기 동두천시 지행로 60 (지행동),동두천시
광주공군비행장점,광주 광산구 송도로114번길 53 (황룡동),광산구
광주무역회관점,"광주 광산구 무진대로 282 (우산동, 광주무역회관빌딩)",광산구
광주보건대점,"광주 광산구 장신로 326 (신창동, 대라수아파트)",광산구
광주소촌점,광주 광산구 소촌로 92 (소촌동),광산구
광주송정DI점,광주 광산구 상무대로 275 (소촌동),광산구
광주수완롯데마트점 ,"광주 광산구 장신로 98 (장덕동, 롯데마트)",광산구
광주수완솔빛점,광주 광산구 왕버들로 137 (수완동),광산구
광주수완신가점,광주 광산구 수등로94번길 8-5 (신가동),광산구
광주수완은빛점,광주 광산구 임방울대로332번길 29 (수완동),광산구
광주수완장덕점,광주 광산구 장신로 81 (장덕동),광산구
광주수완점,광주 광산구 장덕로 48 (장덕동),광산구
광주수완중앙점,광주 광산구 수완로 16 (수완동),광산구
광주신가사거리점,광주 광산구 수등로 243 (신가동),광산구
광주신창왕버들로점,"광주 광산구 왕버들로 255 (신창동, 정원씨티캐슬)",광산구
광주신창점,"광주 광산구 신창로 70 (신창동, 경원빌딩)",광산구
광주우산사암로점,광주 광산구 사암로106번길 119 (우산동),광산구
광주운남삼성점,광주 광산구 임방울대로 142-10 (운남동),광산구
광주운남점,광주 광산구 목련로273번안길 17 (운남동),광산구
광주첨단LC타워점,광주 광산구 첨단중앙로 96 (월계동),광산구
광주첨단쌍암점,광주 광산구 월계로 223-13 (쌍암동),광산구
광주첨단점,광주 광산구 첨단중앙로170번길 20 (쌍암동),광산구
광주평동역점,광주 광산구 평동로 851 (옥동),광산구
광주하남2지구점,광주 광산구 손재로110번길 45 (하남동),광산구
광주하남3지구점,광주 광산구 하남울로12번하길 10 (하남동),광산구
광주하남CGV점,"광주 광산구 용아로400번길 30 (하남동, TERRACE56 PICNICMALL)",광산구
광주흑석동점,광주 광산구 풍영로101번안길 16 (흑석동),광산구
광주대호심관점,"광주 남구 효덕로 277 (진월동, 광주대학교)",남구
광주돌고개역점,"광주 남구 구성로8번길 6 (월산동, 반도유보라 더 퍼스트)",남구
광주무등시장점,"광주 남구 군분로 4-1 (백운동, 브레멘)",남구
광주백운점,"광주 남구 백운로 73 (백운동, 늘편안의원)",남구
광주봉선방림점,광주 남구 봉선1로 120-1 (봉선동),남구
광주봉선센트럴점,광주 남구 봉선로 184 (봉선동),남구
광주봉선주월점,"광주 남구 봉선로 42 (주월동, 봉선로 남해오네뜨)",남구
광주봉선중앙로점,"광주 남구 봉선중앙로131번길 12 (주월동, 가원빌리지)",남구
광주진월점,광주 남구 광복마을길 97-1 (주월동),남구
광주효천1지구점,광주 남구 효천2로가길 11-1 (임암동),남구
광주그랜드센트럴점,"광주 동구 경양로 234 (계림동, 광주 그랜드센트럴)",동구
광주충파점,광주 동구 중앙로 180 (충장로3가),동구
광주학동점,광주 동구 남문로 760 (학동),동구
광주학운점,광주 동구 의재로 46 (학동),동구
광주두암센트럴점,광주 북구 군왕로 51 (두암동),북구
광주두암타운점,광주 북구 갈마로 55 (두암동),북구
광주말바우점,광주 북구 서방로107번길 37 (두암동),북구
광주매곡2호점,광주 북구 서하로106번길 6 (매곡동),북구
광주문흥점,광주 북구 대천로 124-11 (문흥동),북구
광주본촌점,광주 북구 하서로 499 (본촌동),북구
광주서방지오점,"광주 북구 서암대로 315 (우산동, 지오빌딩)",북구
광주양산점,광주 북구 양산택지로 58 (양산동),북구
광주연제점,광주 북구 양일로 58 (연제동),북구
광주오치점,광주 북구 설죽로 342 (오치동),북구
광주용두점,광주 북구 임방울대로 1039 (신용동),북구
광주용봉비엔날레점,광주 북구 비엔날레로 101 (용봉동),북구
광주운암중앙점,광주 북구 북문대로 167 (운암동),북구
광주일곡점,광주 북구 설죽로 518-4 (일곡동),북구
광주첨단신용점,"광주 북구 첨단연신로133번길 4 (신용동, 호반베르디움)",북구
광주첨단지식산업센터점,광주 북구 첨단과기로208번길 43-10 (오룡동),북구
동광주점,광주 북구 동문대로180번길 5 (두암동),북구
동광주홈플러스점,"광주 북구 동문대로 200 (두암동, 삼성홈플러스)",북구
전남대상대점,광주 북구 설죽로202번길 71 (용봉동),북구
전남대정문점,광주 북구 용봉로 80 (신안동),북구
전남대후문점,광주 북구 서방로9번길 26 (중흥동),북구
광주금호운천점,광주 서구 운천로 129 (쌍촌동),서구
광주금호점,"광주 서구 화개1로79번길 3 (금호동, 신화빌딩)",서구
광주동천점,광주 서구 하남대로 656 (동천동),서구
광주매월점,광주 서구 화개중앙로87번길 6 (매월동),서구
광주상무롯데마트점,"광주 서구 시청로 40 (치평동, 롯데마트)",서구
광주상무중앙점,"광주 서구 치평로 76 (치평동, 세린빌딩)",서구
광주쌍촌엘리체점,광주 서구 상무대로955번길 30-15 (쌍촌동),서구
광주쌍촌호반점,"광주 서구 상일로 55 (쌍촌동, 호반리젠시빌)",서구
광주유덕점,광주 서구 칠성로 49 (쌍촌동),서구
광주유스퀘어점,"광주 서구 무진대로 904 (광천동, 유스퀘어(광천터미널))",서구
광주풍암운리점,광주 서구 풍금로 3 (풍암동),서구
광주화정점,광주 서구 화운로83번길 25 (화정동),서구
광주화정중앙점,광주 서구 상무대로1066번길 1 (화정동),서구
광주화정현대점,광주 서구 군분로139번길 17 (화정동),서구
대전선비마을점,대전 대덕구 계족산로81번길 95 (송촌동),대덕구
대전송촌동점,대전 대덕구 선비마을로 14 (송촌동),대덕구
대전신탄진점,대전 대덕구 신탄진로 800 (신탄진동),대덕구
대전한남대점,대전 대덕구 한남로 34 (오정동),대덕구
대전가오점,대전 동구 대전로 400 (가오동),동구
대전대동점,대전 동구 동대전로46번길 29 (대동),동구
대전동부네거리점,대전 동구 한밭대로 1322 (용전동),동구
대전용운에코포레점,대전 동구 용운로205번길 34 (용운동),동구
대전용운중앙점,"대전 동구 백룡로 140 (용운동, 주공아파트)",동구
대전터미널점,"대전 동구 동서대로 1689 (용전동, 대전복합터미널(서관))",동구
대전패션아일랜드점,"대전 동구 은어송로 72 (가오동, 패션아일랜드)",동구
대전SK점,대전 서구 문정로 41 (탄방동),서구
대전갈마동점,대전 서구 신갈마로 203 (갈마동),서구
대전건양대병원점,"대전 서구 관저동로 162 (관저동, 건양프라자)",서구
대전관저동점,대전 서구 도안대로 25 (관저동),서구
대전관저제일점,대전 서구 관저동로73번길 15-4 (관저동),서구
대전관저중앙점,"대전 서구 관저로 31 (관저동, 엠디메디컬센터)",서구
대전도마사거리점,대전 서구 도산로 41 (도마동),서구
대전도안신도시점,대전 서구 원도안로207번길 8-4 (도안동),서구
대전둔산갤러리아점,대전 서구 둔산로31번길 77 (둔산동),서구
대전둔산이편한세상점,"대전 서구 계룡로629번길 62 (탄방동, 모닝갤러리)",서구
대전둔산제일학원점 ,대전 서구 둔산서로 29 (둔산동),서구
대전둔산타임월드점,대전 서구 대덕대로185번길 30 (둔산동),서구
대전배재대점,대전 서구 배재로 182 (도마동),서구
대전복수동점,"대전 서구 복수동로 44 (복수동, 대광빌딩)",서구
대전세이브존점,대전 서구 둔산로 201 (둔산동) 세이브존 대전점 ,서구
대전시청점,"대전 서구 둔산중로32번길 47 (둔산동, 제이엠빌딩)",서구
대전용문역점,대전 서구 도산로 372-1 (용문동),서구
대전월평점,대전 서구 월평북로 79 (월평동),서구
대전월평중앙점,대전 서구 월평로 57 (월평동),서구
대전을지병원점,대전 서구 둔산로51번길 80 (둔산동),서구
대전청사점,"대전 서구 둔산중로134번길 21 (둔산동, 만금프라자)",서구
대전탄방동점,"대전 서구 문정로40번길 64 (탄방동, 메이저타운)",서구
대전한가람네거리점,대전 서구 문정로 96 (탄방동),서구
둔산이마트점,대전 서구 둔산북로 41 (둔산동),서구
대전관평동점,대전 유성구 관들4길 34-2 (관평동),유성구
대전구암동점,대전 유성구 현충원로347번길 54 (구암동),유성구
대전노은3동점,대전 유성구 지족북로66번길 60 (지족동),유성구
대전노은역점,대전 유성구 은구비서로23번길 13 (지족동),유성구
대전반석역점,"대전 유성구 반석로 7 (반석동, 애니빌프라자)",유성구
대전송강점,대전 유성구 구즉로 65 (송강동),유성구
대전수통골점,대전 유성구 수통골로 91 (덕명동),유성구
대전신성동점,대전 유성구 신성로 97 (신성동),유성구
대전연구단지점 ,"대전 유성구 대덕대로 594 (도룡동, 타워코리아나 주상복합)",유성구
대전유성온천역점,"대전 유성구 계룡로 92 (봉명동, 유성CJ나인파크)",유성구
대전자운대점,"대전 유성구 자운로97번길 290 (신봉동, 자운레스텔)",유성구
대전전민동점,대전 유성구 전민로58번길 55 (전민동),유성구
대전죽동점,"대전 유성구 유성대로 875 (죽동, 비에스타워)",유성구
대전학하점,대전 유성구 학하복용서로 23 (학하동),유성구
유성홈플러스점,대전 유성구 한밭대로 502 (봉명동),유성구
충남대점,대전 유성구 궁동로18번길 14 (궁동),유성구
충대정문점,대전 유성구 한밭대로 404 (궁동),유성구
대전문화동점,"대전 중구 중앙로 28 (문화동, 센트럴스타클래스)",중구
대전문화홈플러스점,"대전 중구 계백로 1690 (문화동, 홈플러스데스콤㈜문화점)",중구
대전오류동점,"대전 중구 계룡로 804 (오류동, 코스모메디컬)",중구
대전유천동점,대전 중구 계백로 1597 (유천동),중구
대전은행동점,대전 중구 중앙로164번길 17 (은행동),중구
대전중구청점,대전 중구 선화서로 18 (선화동),중구
대전중촌점,대전 중구 목중로26번길 26 (중촌동),중구
대전천근오거리점,대전 중구 천근로19번길 5 (문화동),중구
부산구서역점,부산 금정구 구서로 2 (구서동),금정구
부산금정초교점,부산 금정구 식물원로44번길 40 (장전동),금정구
부산남산역점,부산 금정구 남산로 3 (남산동),금정구
부산대북문점,부산 금정구 금강로321번길 45 (장전동),금정구
부산범어사역점,"부산 금정구 중앙대로 2120 (청룡동, 협성엠파이어)",금정구
부산장전서희점,부산 금정구 수림로20번길 27 (부곡동),금정구
부산청룡점,부산 금정구 청룡로 68 (청룡동),금정구
부산경성대중앙도서관점,"부산 남구 수영로 309 (대연동, 경성대학교)",남구
부산국제금융센터점,"부산 남구 문현금융로 40 (문현동, 부산국제금융센터)",남구
부산대연sk힐스점,"부산 남구 수영로 261 (대연동, 대연 SK VIEW Hills)",남구
부산대연평화점,"부산 남구 유엔평화로 31 (대연동, 플러스 빌)",남구
부산대연황령점,부산 남구 황령대로319번가길 158-7 (대연동),남구
부산동명대점,부산 남구 신선로 428 (용당동),남구
부산롯데캐슬레전드점,부산 남구 진남로 118 (대연동),남구
부산문현동점,부산 남구 수영로 46 (문현동),남구
부산문현베스티움점,"부산 남구 고동골로 29 (문현동, 국제금융시티 문현베스티움 아파트)",남구
부산문현현대점,부산 남구 문현로 68 (문현동),남구
부산부경대점,부산 남구 용소로 30 (대연동),남구
부산부경대후문점,부산 남구 수영로358번길 12 (대연동),남구
부산용호동점,"부산 남구 용호로 34 (용호동, 일신프리빌리지)",남구
부산유엔공원점,부산 남구 유엔로 202 (대연동),남구
부산시민회관점,"부산 동구 조방로16번길 20 (범일동, 삼익범일아파트)",동구
부산역광장점,부산 동구 중앙대로180번길 6-1 (초량동),동구
부산역점,부산 동구 중앙대로 233 (초량동),동구
부산역현대점,부산 동구 중앙대로226번길 3-7 (초량동),동구
부산차이나타운점,부산 동구 중앙대로179번길 9 (초량동),동구
부산초량육거리점,부산 동구 초량로 37 (초량동),동구
부산초량점,부산 동구 중앙대로332번길 4 (초량동),동구
부산개금동점,부산 부산진구 가야대로 479 (개금동),부산진구
부산개금펜테리움점,"부산 부산진구 가야대로 450 (개금동, 금강펜테리움더스퀘어아파트)",부산진구
부산경동파크점,"부산 부산진구 새싹로 30 (부전동, 경동파크타워)",부산진구
부산당감점,부산 부산진구 당감로 36-1 (당감동),부산진구
부산동의과학대점,부산 부산진구 양지로 54 (양정동),부산진구
부산동의대중앙점,부산 부산진구 엄광로 184 (가야동),부산진구
부산부암점,부산 부산진구 신천대로183번길 24 (당감동),부산진구
부산서면1번가점,부산 부산진구 서면로68번길 14 (부전동),부산진구
부산서면롯데후문점,부산 부산진구 부전로66번길 22 (부전동),부산진구
부산서면태화점,부산 부산진구 서전로10번길 71 (부전동),부산진구
부산시민공원점,부산 부산진구 새싹로 83-1 (부암동),부산진구
부산양정동점,부산 부산진구 중앙대로 912 (양정동),부산진구
부산양정현대점,부산 부산진구 동평로 362 (양정동),부산진구
부산연지래미안점,부산 부산진구 성지로 30-1 (연지동),부산진구
부산지오플레이스점,"부산 부산진구 동천로 4 (전포동, 지오플레이스)",부산진구
부산과학기술대점,부산 북구 시랑로132번길 73 (구포동),북구
부산구포도서관점,"부산 북구 백양대로1016번길 28 (구포동, 삼정골드빌라)",북구
부산구포사거리점,부산 북구 백양대로 1065 (구포동),북구
부산구포역점,"부산 북구 구포만세길 115 (구포동, 효산벨루스)",북구
부산금곡동점,부산 북구 효열로 214-1 (금곡동),북구
부산덕천중앙점,부산 북구 덕천2길 11 (덕천동),북구
부산만덕동그린코아점,부산 북구 덕천로 241 (만덕동),북구
부산만덕중앙점,"부산 북구 만덕1로 26 (만덕동, 중앙빌딩)",북구
부산신만덕점,"부산 북구 덕천로 299 (만덕동, 부산은행)",북구
부산율리점,부산 북구 학사로 295 (금곡동),북구
부산화명롯데마트점,"부산 북구 화명대로 47 (화명동, 롯데마트)",북구
부산화명센트럴점,"부산 북구 금곡대로 126 (덕천동, 채움센트럴)",북구
부산화명카이저점,"부산 북구 금곡대로 166 (화명동, 롯데캐슬카이저)",북구
부산괘법동점,"부산 사상구 사상로 239 (괘법동, 동원약국)",사상구
부산덕포역점,부산 사상구 사상로 313 (덕포동),사상구
부산동서대IC빌딩점,"부산 사상구 주례로 47 (주례동, 동서대학교)",사상구
부산동서대민석도서관점,"부산 사상구 주례로 47 (주례동, 동서대학교)",사상구
부산모라동점,"부산 사상구 백양대로 906 (모라동, 우성아파트)",사상구
부산사상롯데마트점,"부산 사상구 낙동대로 733 (엄궁동, 롯데마트엄궁점)",사상구
부산사상중앙점,부산 사상구 광장로 79 (괘법동),사상구
부산신라대점,"부산 사상구 백양대로700번길 140 (괘법동, 신라대학교)",사상구
부산엄궁동점,"부산 사상구 낙동대로 784-13 (엄궁동, 휴그린아파트)",사상구
부산주례중앙점,"부산 사상구 백양대로 500 (주례동, 샹떼PC방)",사상구
부산주례퀀텀점,부산 사상구 백양대로 337 (주례동),사상구
부산큰솔2병원점,부산 사상구 학장로 189 (학장동),사상구
부산학장동점,"부산 사상구 대동로 138 (학장동, 청파아파트)",사상구
사상이마트점,"부산 사상구 광장로 17 (괘법동, 이마트)",사상구
서부산홈플러스점,"부산 사상구 광장로 7 (괘법동, 르네시떼)",사상구
부산괴정대로점,"부산 사하구 낙동대로 246 (괴정동, 화원 레샹스)",사하구
부산다대포점,부산 사하구 다대로 682 (다대동),사하구
부산대티역점,부산 사하구 낙동대로 158 (괴정동),사하구
부산장림세정아울렛점,"부산 사하구 다대로 207 (장림동, 세정아울렛)",사하구
부산장림점,부산 사하구 장림번영로 39-1 (장림동),사하구
부산하단가락1단지점,"부산 사하구 하신번영로 320 (하단동, 옥돌골든아르빌)",사하구
부산하단가락타운점,부산 사하구 동매로 23 (하단동),사하구
부산하단동점,부산 사하구 하단동 ,사하구
부산효림초교점,부산 사하구 장평로 107 (장림동),사하구
부산거제홈타운점,"부산 연제구 법원북로 45 (거제동, 조선빌딩)",연제구
부산물만골역점,부산 연제구 월드컵대로 19 (연산동),연제구
부산법원점,"부산 연제구 법원로32번길 9 (거제동, 고려빌딩)",연제구
부산시청점,부산 연제구 시청로 34 (연산동),연제구
부산아시아드점,부산 연제구 종합운동장로 28 (거제동),연제구
부산연산대로점,부산 연제구 월드컵대로 166 (연산동),연제구
부산연제초교점,부산 연제구 중앙대로1075번길 8 (연산동),연제구
부산종합운동장역점,부산 연제구 아시아드대로82번길 5 (거제동),연제구
부산토곡한양점,부산 연제구 과정로225번길 5 (연산동),연제구
연제이마트점,"부산 연제구 연수로 89 (연산동, 신세계연제점E마트)",연제구
부산영도대교동점,"부산 영도구 태종로 104 (대교동2가, 일공구일공사)",영도구
부산영도동삼동점,부산 영도구 중리로 46-8 (동삼동),영도구
부산태종대점,부산 영도구 태종로833번길 11 (동삼동),영도구
부산광복로점,부산 중구 구덕로22번길 8-1 (광복동1가),중구
부산동광동점,부산 중구 해관로 14 (동광동1가),중구
부산만세365병원점,부산 중구 대청로 105 (대청동2가),중구
부산중앙동점,부산 중구 중앙대로42번길 3 (중앙동5가),중구
동부산롯데몰점,"부산 기장군 기장읍 기장해안로 147 (당사리, 롯데몰 동부산점)",기장군
부산기장고리원전점,부산 기장군 장안읍 해맞이로 429 (길천리),기장군
부산기장도서관점,부산 기장군 기장읍 차성동로126번길 2 (동부리),기장군
부산기장메가마트점,"부산 기장군 일광면 기장대로 673 (삼성리, 메가마트)",기장군
부산기장시장점,부산 기장군 기장읍 차성로288번길 50 (대라리),기장군
부산용궁사점,"부산 기장군 기장읍 용궁길 68 (시랑리, 토담마루)",기장군
부산정관가동점,부산 기장군 정관읍 가동길 32 (용수리),기장군
부산정관가화점,부산 기장군 정관읍 정관로 702 (달산리),기장군
부산정관달산점,부산 기장군 정관읍 달산2길 30 (달산리),기장군
부산정관점,부산 기장군 정관읍 정관로 383 (모전리),기장군
부산KBS삼거리점,부산 수영구 광남로 16 (남천동),수영구
부산광안역점,"부산 수영구 수영로588번길 7 (광안동, 광안 협성엠파이어Ⅱ)",수영구
부산남천동점,부산 수영구 황령대로489번길 11 (남천동),수영구
부산망미중앙점,"부산 수영구 과정로 65 (망미동, B동)",수영구
부산비치그린점,"부산 수영구 광일로 49 (광안동, 비치그린아파트)",수영구
부산수영역점,부산 수영구 수영로 706 (광안동),수영구
부산공항덕두점,부산 강서구 공항로811번길 38 (대저2동),강서구
부산명지너울공원점,부산 강서구 명지국제6로232번길 20 (명지동),강서구
부산명지롯데시네마점,부산 강서구 명지국제6로 107 (명지동),강서구
부산명지점,부산 강서구 명지오션시티8로16번길 25 (명지동),강서구
부산명지초교점,부산 강서구 명지국제6로 306 (명지동),강서구
부산신호동점,부산 강서구 신호산단5로 42 (신호동),강서구
부산지사명진파크뷰점,"부산 강서구 과학산단2로20번길 11 (지사동, 명진파크뷰)",강서구
서부산유통지구역점,부산 강서구 유통단지1로 53 (대저2동),강서구
부산금강로점,부산 동래구 금강공원로20번길 8 (온천동),동래구
부산낙민동점,부산 동래구 안남로 32 (낙민동),동래구
부산동래고교점,"부산 동래구 충렬대로 276 (낙민동, 청암빌딩)",동래구
부산동래내성점,부산 동래구 여고북로 192 (사직동),동래구
부산동래럭키점,부산 동래구 중앙대로1333번길 20-15 (온천동),동래구
부산동래봉생병원점,부산 동래구 충렬대로350번길 16 (안락동),동래구
부산동래시장점,부산 동래구 명륜로112번길 36 (수안동),동래구
부산동래역점,부산 동래구 충렬대로181번길 36 (명륜동),동래구
부산명장점,부산 동래구 시실로 208-1 (명장동),동래구
부산미남역점,부산 동래구 아시아드대로 223 (온천동),동래구
부산사직아동병원점,부산 동래구 아시아드대로 186 (사직동),동래구
부산사직야구장점,"부산 동래구 사직로 48 (사직동, 호영빌딩)",동래구
부산수안동점,부산 동래구 충렬대로202번길 15 (수안동),동래구
부산안락교차로점,부산 동래구 충렬대로 353 (안락동),동래구
부산안락중앙점,부산 동래구 충렬대로 413 (안락동),동래구
부산온천장역점,부산 동래구 온천장로119번길 7 (온천동),동래구
부산온천천점,부산 동래구 온천천로 469 (안락동),동래구
부산대병원점,부산 서구 까치고개로 195 (아미동2가),서구
부산동대신역점,"부산 서구 구덕로 293 (서대신동2가, 희망센츄럴타운)",서구
부산부민동아대점,부산 서구 임시수도기념로 9 (부민동2가),서구
부산서대신역점,부산 서구 서대신동3가,서구
부산송도해상케이블카점,"부산 서구 송도해변로 171 (암남동, 송도케이블카)",서구
부산충무동점,"부산 서구 충무대로 277 (충무동1가, 충무 에코펠리스2차)",서구
부산달맞이점,"부산 해운대구 달맞이길 193 (중동, 부광가든)",해운대구
부산반송동점,부산 해운대구 신반송로 179 (반송동),해운대구
부산반여강변점,"부산 해운대구 선수촌로 145 (반여동, 반여자동차매매)",해운대구
부산반여중앙점,부산 해운대구 선수촌로 74-11 (반여동),해운대구
부산벡스코역점,부산 해운대구 해운대로383번길 5 (우동),해운대구
부산송정점,부산 해운대구 송정해변로 10 (송정동),해운대구
부산양운사거리점,부산 해운대구 좌동순환로 79 (좌동),해운대구
부산재송동점,부산 해운대구 재반로 176 (재송동),해운대구
부산중동역점,부산 해운대구 좌동로10번길 31 (중동),해운대구
부산해운대우동점,부산 해운대구 우동1로 82 (우동),해운대구
부산해운대홈플러스점,부산 해운대구 해운대해변로 140 (우동),해운대구
울산남구청점,울산 남구 왕생로 97 (달동),남구
울산남구홈플러스점,"울산 남구 수암로 148 (야음동, 삼성테스코홈플러스 울산남구점)",남구
울산달동사거리점,울산 남구 중앙로 149 (신정동),남구
울산달삼로점,울산 남구 달삼로 7 (달동),남구
울산대공원점,울산 남구 대공원로 94 (옥동),남구
울산대점,울산 남구 대학로 84-1 (무거동),남구
울산대현점,울산 남구 수암로178번길 5-5 (야음동),남구
울산도서관점,울산 남구 꽃대나리로 140 (여천동),남구
울산무거동점,울산 남구 신복로 36 (무거동),남구
울산문수로점,울산 남구 문수로 390 (옥동),남구
울산번영로점,"울산 남구 번영로 173 (달동, 한국산업인력공단)",남구
울산삼산롯데점,"울산 남구 삼산중로 50 (삼산동), 2층",남구
울산삼산본동점,울산 남구 삼산로331번길 13 (삼산동),남구
울산삼산아데라움점,울산 남구 정동로 136 (삼산동),남구
울산삼산점,울산 남구 돋질로 297 (삼산동),남구
울산삼산초교점,울산 남구 돋질로 410 (삼산동),남구
울산삼산터미널점,울산 남구 화합로 146 (삼산동),남구
울산삼신초교점,울산 남구 돋질로257번길 23 (삼산동),남구
울산삼호점,울산 남구 북부순환도로13번길 4 (무거동),남구
울산선암남영점,"울산 남구 두왕로190번길 31 (선암동, 선암동 아크리티)",남구
울산세이브존점,울산 남구 번영로250번길 18 (삼산동),남구
울산수암점,울산 남구 수암로 114 (신정동),남구
울산시청점,울산 남구 돋질로 45 (신정동),남구
울산신정시장점,울산 남구 중앙로 244 (신정동),남구
울산신정푸르지오점,울산 남구 월평로85번길 26-1 (신정동),남구
울산야음롯데캐슬점,울산 남구 신선로74번길 5 (야음동),남구
울산어은로점,울산 남구 어은로 10 (무거동),남구
울산여천천점,울산 남구 도산로 111 (달동),남구
울산옥동점,울산 남구 문수로 327 (옥동),남구
울산이마트점,울산 남구 남중로 48 (삼산동),남구
울산파크폴리스점,"울산 남구 대공원로 241 (신정동, 대공원코오롱파크폴리스)",남구
울산네오골프점,"울산 북구 관문길 40 (천곡동, 네오골프연습장)",북구
울산농소초교점,울산 북구 호계2길 3 (호계동),북구
울산달천점,울산 북구 가재길 14 (천곡동),북구
울산매곡에일린점,울산 북구 호계매곡1로 (매곡동),북구
울산매곡점,울산 북구 괴정1길 134 (매곡동),북구
울산명촌점,울산 북구 명촌로 79 (명촌동),북구
울산모다아울렛점,울산 북구 진장유통로 78-6 (진장동),북구
울산북구청점,울산 북구 산업로 1003 (연암동),북구
울산북구홈플러스점,"울산 북구 신답로 26 (상안동, 홈플러스)",북구
울산산하동점,울산 북구 화암1길 56 (산하동),북구
울산송정점,울산 북구 화산중앙로 94-5 (화봉동),북구
울산송정중앙점,울산 북구 송정16길 16 (송정동),북구
울산신천베스트점,울산 북구 신천로 55-14 (신천동),북구
울산신천점,울산 북구 호계로 366-2 (신천동),북구
울산양정동점,울산 북구 염포로 571 (양정동),북구
울산연암점,울산 북구 상방6길 3 (연암동),북구
울산중산동점,울산 북구 중산2길 2 (중산동),북구
울산진장CGV점,"울산 북구 진장유통로 51-10 (진장동, CGV)",북구
울산진장점,"울산 북구 진장로 30 (진장동, 이디아커피진장점)",북구
울산하나로마트점,"울산 북구 진장유통로 90 (진장동, 농수산물종합유통센터)",북구
울산호계점,울산 북구 동대11길 2 (호계동),북구
언양메가마트점,울산 울주군 삼남읍 반구대로 612 (교동리),울주군
언양읍성점,울산 울주군 언양읍 읍성로 115 (동부리),울주군
울산구영리점,울산 울주군 범서읍 점촌3길 5 (구영리),울주군
울산구영범서점,울산 울주군 범서읍 대리2길 31 (구영리),울주군
울산굴화월드점,울산 울주군 범서읍 굴화1길 64-10 (굴화리),울주군
울산무거초교점,울산 울주군 범서읍 장검1길 42-2 (굴화리),울주군
울산문수산점,울산 울주군 청량읍 율리영해1길 40-6 (율리),울주군
울산범서두산점,울산 울주군 범서읍 관문로 260 (두산리),울주군
울산삼남점,울산 울주군 삼남면 수정가천길 1 (교동리),울주군
울산역점,"울산 울주군 삼남읍 울산역로 177 (신화리, 울산역)",울주군
울산온산점,울산 울주군 온산읍 신경5길 37 (덕신리),울주군
울산온양점,울산 울주군 온양읍 보곡1길 30-10 (대안리),울주군
울산원예농협하나로마트점,"울산 울주군 범서읍 장검길 10 (굴화리, 울산원예농협하나로마트)",울주군
울산진하해수욕장점,"울산 울주군 서생면 진하길 38 (진하리, 진하위드빌)",울주군
울산천상점,울산 울주군 범서읍 천상길 17 (천상리),울주군
울산청량점,울산 울주군 청량읍 상남길 66-4 (상남리),울주군
울산남외동점,울산 중구 남외3길 8 (남외동),중구
울산다운동점,울산 중구 다운로 122 (다운동),중구
울산동천강점,울산 중구 내황14길 50 (반구동),중구
울산반구동점,"울산 중구 반구정15길 8 (반구동, 울산신동아파밀리에)",중구
울산병영오거리점,울산 중구 곽남길 5 (약사동),중구
울산복산동점,울산 중구 번영로 395 (복산동),중구
울산성안동점,울산 중구 성안로 181 (성안동),중구
울산우정중앙점,울산 중구 우정3길 20 (우정동),중구
울산우정혁신점,울산 중구 종가5길 78-2 (유곡동),중구
울산유곡점,"울산 중구 유곡로 51 (태화동, 범진그린파크)",중구
울산태화강대공원점,울산 중구 신기길 97 (태화동),중구
울산태화먹거리단지점,울산 중구 내오산로 75 (태화동),중구
울산학성공원점,울산 중구 학성공원13길 44 (학성동),중구
울산홈플러스점,"울산 중구 번영로 475 (복산동, 홈플러스울산점)",중구
울산남목점,울산 동구 옥류로 37 (서부동),동구
울산대왕암공원점,울산 동구 등대로 99 (일산동),동구
울산명덕점,울산 동구 명덕3길 3 (서부동),동구
울산방어진점,울산 동구 내진길 27 (방어동),동구
울산서부동점,울산 동구 방어진순환도로 985 (서부동),동구
울산일산해수욕장점,울산 동구 해수욕장7길 10 (일산동),동구
울산전하동점,울산 동구 진성14길 77 (전하동),동구
울산전하스위첸점,"울산 동구 바드래1길 45 (전하동, 현대중공업임원숙소)",동구
울산주전해수욕장점,울산 동구 동해안로 673 (주전동),동구
울산화정동점,울산 동구 대학길 75 (화정동),동구
강화길상점,인천 강화군 길상면 길상로 294 (온수리),강화군
인천강화동막점,인천 강화군 화도면 해안남로 1508 (동막리),강화군
인천강화점,인천 강화군 강화읍 강화대로 392,강화군
경인교대정문점,인천 계양구 향교로 1 (계산동),계양구
경인여대점,인천 계양구 경명대로1045번길 21-1 (계산동),계양구
계산역점,인천 계양구 경명대로 1088 (계산동),계양구
계양로데오점,인천 계양구 오조산로57번길 15 (계산동),계양구
계양롯데마트점,"인천 계양구 장제로 822 (계산동, 롯데마트 계양점)",계양구
계양이마트점,인천 계양구 봉오대로 785 (작전동),계양구
인천계산도두리점,인천 계양구 용종로 2 (계산동),계양구
인천계산중앙점,인천 계양구 경명대로 1147 (임학동),계양구
인천계산현대점,인천 계양구 계산로 149 (계산동),계양구
인천계양더프리미어점,인천 계양구 안남로 513 (효성동),계양구
인천귤현점,인천 계양구 귤현길 6 (귤현동),계양구
인천동양점,인천 계양구 양지로 30 (동양동),계양구
인천박촌점,인천 계양구 장제로 1013 (박촌동),계양구
인천임학역점,인천 계양구 장제로 891 (임학동),계양구
인천작전로데오점,"인천 계양구 효서로 230 (작전동, 삼성프라자)",계양구
인천작전역점,"인천 계양구 봉오대로 671 (작전동, 우남푸르미아)",계양구
인천작전점,인천 계양구 효서로 341 (작전동),계양구
인천작전중앙점,"인천 계양구 장제로 708 (작전동, 한샘프라자)",계양구
인천장기점,인천 계양구 장기로 34 (장기동),계양구
인천화전초교점,인천 계양구 주부토로 372 (작전동),계양구
인천효성점,인천 계양구 안남로 548 (효성동),계양구
신기시장점,인천 미추홀구 인하로 271-3 (주안동),미추홀구
인천간석역점,"인천 미추홀구 주안로 219 (주안동, 간석빌딩)",미추홀구
인천골든스테이트점,인천 미추홀구 인주대로 332 (주안동),미추홀구
인천관교점,인천 미추홀구 인하로 378 (주안동),미추홀구
인천도화오거리점,"인천 미추홀구 석정로 271 (도화동, 기아자동차)",미추홀구
인천도화제일점,"인천 미추홀구 경인로 314 (도화동, 스타뷰)",미추홀구
인천문학점,인천 미추홀구 매소홀로 572 (문학동),미추홀구
인천법원점,"인천 미추홀구 소성로185번길 28 (학익동, 명인빌딩)",미추홀구
인천보훈병원점,인천 미추홀구 인주대로 147 (용현동),미추홀구
인천석바위점,"인천 미추홀구 경원대로 848 (주안동, 주안태흥프라자)",미추홀구
인천숭의점,"인천 미추홀구 제물량로24번길 51 (숭의동, 솔루나)",미추홀구
인천숭의홈플러스점,"인천 미추홀구 석정로 51 (숭의동, 컨벤션,홈플러스)",미추홀구
인천시민공원점,인천 미추홀구 미추홀대로 703 (주안동),미추홀구
인천용현신흥점,인천 미추홀구 아암대로 101 (용현동),미추홀구
인천용현유원점,인천 미추홀구 낙섬중로 110 (용현동),미추홀구
인천용현점,인천 미추홀구 낙섬중로 36 (용현동),미추홀구
인천제물포역점,인천 미추홀구 경인로 128 (숭의동),미추홀구
인천주안북부역점,인천 미추홀구 염창로 55 (주안동),미추홀구
인천주안역점,인천 미추홀구 주안로 92 (주안동),미추홀구
인천청운대점,"인천 미추홀구 숙골로112번길 2 (도화동, 드림프라자)",미추홀구
인천학익신동아점,인천 미추홀구 미추홀대로 489 (학익동),미추홀구
인천학익점,인천 미추홀구 한나루로358번길 3 (학익동),미추홀구
인천학익중앙점,인천 미추홀구 한나루로456번길 1 (학익동),미추홀구
인하공전점,"인천 미추홀구 소성로 81 (학익동, 일신)",미추홀구
인하대점,"인천 미추홀구 인하로 55 (용현동, 준영상가)",미추홀구
인하홈플러스점,"인천 미추홀구 소성로 6 (용현동, 홈플러스)",미추홀구
인천송현점,인천 동구 수문통로 54 (송현동),동구
갈산역점,인천 부평구 부평대로 301 (청천동),부평구
부평경찰서점,인천 부평구 길주로 507 (청천동),부평구
부평구청점,"인천 부평구 길주로 547 (갈산동, 부성빌딩)",부평구
부평굴다리점,인천 부평구 부일로9번길 5 (부평동),부평구
부평남부역점,인천 부평구 동수북로 170 (부평동),부평구
부평동수로점,인천 부평구 동수로 129 (부개동),부평구
부평동암점,"인천 부평구 열우물로25번길 14-3 (십정동, 동암 비버리씨티)",부평구
부평동점,인천 부평구 경원대로 1404 (부평동),부평구
부평로데오점,인천 부평구 시장로 18 (부평동),부평구
부평문화점,인천 부평구 부평문화로 57 (부평동),부평구
부평미래타운점,인천 부평구 부평북로 442 (삼산동),부평구
부평보건소점,인천 부평구 부흥로293번길 8 (부평동),부평구
부평부개동점,인천 부평구 길주남로 108-1 (부개동),부평구
부평산곡이수점,"인천 부평구 마장로272번길 57 (산곡동, 한성빌딩)",부평구
부평산곡한화점,인천 부평구 마장로 320 (산곡동),부평구
부평삼산롯데마트점,"인천 부평구 길주로 623 (삼산동, 대덕리치아노)",부평구
부평삼산사거리점,인천 부평구 평천로 388 (삼산동),부평구
부평삼산점,인천 부평구 길주로 641 (삼산동),부평구
부평삼산중앙점,"인천 부평구 후정동로 21 (삼산동, 화령빌딩)",부평구
부평시장역점,인천 부평구 부평대로 71-1 (부평동),부평구
부평아이즈빌점,인천 부평구 마장로 473 (청천동),부평구
부평역점,인천 부평구 경원대로 1373 (부평동),부평구
부평일신점,인천 부평구 일신로14번길 3 (일신동),부평구
산곡동점,"인천 부평구 부영로189번길 51 (산곡동, 오남프라자)",부평구
인천갈산사거리점,인천 부평구 평천로 315 (갈산동),부평구
인천동수역점,인천 부평구 경인로 871-1 (부평동),부평구
인천마장초교점,인천 부평구 안남로 271 (산곡동),부평구
인천백운역점,인천 부평구 이규보로 141 (십정동),부평구
인천부개역점,"인천 부평구 수변로10번길 48 (부개동, 한울팰리스)",부평구
인천부개프라자점,"인천 부평구 길주남로 158 (부개동, 부개프라자)",부평구
인천부평U1센터점,인천 부평구 주부토로 236 (갈산동),부평구
인천부평하늘채점,인천 부평구 부흥로 408 (부개동),부평구
인천성모병원점,인천 부평구 육동로 5 (부평동),부평구
인천청천동점,인천 부평구 세월천로 34 (청천동),부평구
송도국제업무지구역점,인천 연수구 인천타워대로 323 (송도동),연수구
송도라이크홈점,"인천 연수구 첨단대로 80 (송도동, 레지던스 라이크홈)",연수구
송도센트럴점,"인천 연수구 테크노파크로111번길 8 (송도동, 송도 S 타워)",연수구
송도오네스타점,"인천 연수구 송도국제대로 157 (송도동, 오네스타)",연수구
송도인천대점,인천 연수구 하모니로 271 (송도동),연수구
송도지식정보단지역점,"인천 연수구 하모니로177번길 49 (송도동, 형지글로벌 패션복합센터)",연수구
송도캠퍼스타운역점,"인천 연수구 송도과학로27번길 55 (송도동, 롯데캐슬 캠퍼스타운)",연수구
송도커넬워크점,"인천 연수구 아트센터대로 131 (송도동, 커낼워크D2 SUMMER)",연수구
송도해양경찰청점,인천 연수구 신송로125번길 13 (송도동),연수구
연수구청점,인천 연수구 샘말로7번길 2 (연수동),연수구
연수홈플러스점,"인천 연수구 청능대로 210 (동춘동, 스퀘어원)",연수구
인천동춘동점,인천 연수구 앵고개로 242 (동춘동),연수구
인천서해그랑블점,인천 연수구 봉재산로44번길 2 (동춘동),연수구
인천선학역점,인천 연수구 학나래로118번길 45 (선학동),연수구
인천송도아트포레점,"인천 연수구 인천타워대로 257 (송도동, 아트포레)",연수구
인천송도역점,인천 연수구 비류대로 202 (옥련동),연수구
인천송도유원지점,인천 연수구 청량로79번길 30 (동춘동),연수구
인천송도점,"인천 연수구 갯벌로 12 (송도동, 갯벌타워)",연수구
인천송도타임스페이스점,"인천 연수구 하모니로 158 (송도동, 송도타임스페이스)",연수구
인천송도학원가점,"인천 연수구 신송로 165-10 (송도동, 더 아르곤)",연수구
인천송도홈플러스점,"인천 연수구 송도국제대로 165 (송도동, 홈플러스 복합쇼핑몰(송도점))",연수구
인천연수롯데점,인천 연수구 먼우금로 197 (청학동),연수구
인천연수하이마트점,인천 연수구 청능대로 64 (동춘동),연수구
인천옥련점,인천 연수구 독배로40번길 35 (옥련동),연수구
인천청학점,인천 연수구 비류대로294번길 32-5 (청학동),연수구
인천함박마을점,인천 연수구 비류대로433번길 26 (연수동),연수구
인천가정고점,인천 서구 서달로 159 (석남동),서구
인천가정점,"인천 서구 봉오재3로 100 (가정동, 금강하이프라자)",서구
인천가정지구점,"인천 서구 청중로 486 (가정동, 부일프라자)",서구
인천가좌역점,인천 서구 장고개로243번길 25 (가좌동),서구
인천가좌점,인천 서구 원적로 105 (가좌동),서구
인천가좌진주점,"인천 서구 장고개로337번길 18-3 (가좌동, 영프라자)",서구
인천거북시장점,"인천 서구 거북로 89 (석남동, 기업은행)",서구
인천검단사거리점,"인천 서구 검단로 473 (왕길동, 검단사거리역(인천2호선))",서구
인천검암2지구점,"인천 서구 승학로 574 (검암동, 현우프라자)",서구
인천검암점,"인천 서구 승학로 498 (검암동, 서해프라자)",서구
인천경서점,인천 서구 도요지로 24 (경서동),서구
인천국제성모병원점,"인천 서구 심곡로100번길 31 (심곡동, 마리스텔라)",서구
인천당하점,"인천 서구 청마로167번길 8 (당하동, 강남빌딩)",서구
인천대성베르힐점,인천 서구 새오개로111번안길 31 (신현동),서구
인천마전점,"인천 서구 완정로45번안길 9 (마전동, 남두아이빌)",서구
인천모다아울렛점,"인천 서구 북항로32번안길 50 (원창동, 모다아울렛 인천점)",서구
인천불로점,인천 서구 검단로 783-1 (불로동),서구
인천블루텍점,인천 서구 보듬6로 10 (오류동),서구
인천석남점,인천 서구 가정로 237-1 (석남동),서구
인천엠파크점,"인천 서구 봉수대로 158 (가좌동, 엠파크타워)",서구
인천오류지구점,"인천 서구 오동로 32 (왕길동, 검단자이2단지)",서구
인천원당점,"인천 서구 원당대로 876 (당하동, 희림타워)",서구
인천청라로제비앙점,인천 서구 비지니스로182번길 4-18 (청라동),서구
인천청라중흥점,인천 서구 청라라임로122번길 19-10 (청라동),서구
인천환경산업연구단지점,"인천 서구 정서진로 410 (오류동, 환경산업연구단지)",서구
청라스퀘어점,"인천 서구 청라루비로 76 (경서동, 청라스퀘어세븐)",서구
청라제일풍경채점,인천 서구 청라커낼로 321 (경서동),서구
청라초은점,인천 서구 청라에메랄드로 42 (연희동),서구
청라하나금융TI점,"인천 서구 에코로 167 (청라동, 하나금융그룹 통합데이터센터)",서구
청라호반점,인천 서구 청라에메랄드로102번길 8 (연희동),서구
청라휴먼시아점,인천 서구 청라커낼로 229-18 (청라동),서구
간석홈플러스점,인천 남동구 경원대로 971 (간석동),남동구
구월동길병원점,인천 남동구 구월남로 163 (구월동),남동구
구월로데오점,인천 남동구 인하로 497-28 (구월동),남동구
구월롯데캐슬점,인천 남동구 구월남로268번길 1 (구월동),남동구
구월중앙점,인천 남동구 선수촌공원로 37 (구월동),남동구
구월힐캐슬점,"인천 남동구 구월로 212 (구월동, 힐캐슬프라자)",남동구
남동공단점,인천 남동구 남동대로 217 (고잔동),남동구
소래포구역점,인천 남동구 소래역로 28 (논현동),남동구
인천CGV점,"인천 남동구 예술로 206 (구월동, 구월중앙프라자)",남동구
인천간석래미안점,인천 남동구 석산로 157 (간석동),남동구
인천간석오거리점,인천 남동구 백범로 406 (간석동),남동구
인천간석자유시장점,인천 남동구 용천로 156 (간석동),남동구
인천간석중앙점,인천 남동구 석정로 575 (간석동),남동구
인천구월문화점,인천 남동구 문화로 85 (구월동),남동구
인천구월팬더점,인천 남동구 인주대로 665 (구월동),남동구
인천남동구청역점,인천 남동구 인주대로 888 (만수동),남동구
인천남촌동점,인천 남동구 남촌동로3번길 36 (남촌동),남동구
인천논현소래점,인천 남동구 포구로 77 (논현동),남동구
인천논현에코점,인천 남동구 에코중앙로156번길 5-7 (논현동),남동구
인천논현역점,인천 남동구 논고개로123번길 22 (논현동),남동구
인천논현힘찬병원점,"인천 남동구 논현로 72 (논현동, 힘찬종합병원)",남동구
인천도림점,인천 남동구 논고개로 311-1 (도림동),남동구
인천만수로데오점,인천 남동구 장승남로 65 (만수동),남동구
인천만수역점,인천 남동구 구월로 350 (만수동),남동구
인천만수주공점,인천 남동구 만수로50번길 25 (만수동),남동구
인천만월점,인천 남동구 호구포로 915 (간석동),남동구
인천모래내시장점,인천 남동구 구월로276번길 45 (구월동),남동구
인천서창점,인천 남동구 서창남로 71 (서창동),남동구
인천서창중앙점,인천 남동구 장아산로 137 (서창동),남동구
인천시청점,인천 남동구 구월로 123 (간석동),남동구
인천호구포역점,인천 남동구 호구포로 219 (논현동),남동구
공항신도시점,인천 중구 운서동 ,중구
동인천역점,인천 중구 우현로 71-1 (인현동),중구
동인천이마트점,인천 중구 인중로 134 (신생동),중구
인천공항IBC점,"인천 중구 공항로424번길 66 (운서동, LG인천공항에클라트)",중구
인천답동점,인천 중구 제물량로 128 (답동),중구
인천예단포점,"인천 중구 미단소망로 60 (운북동, 미단해송)",중구
인천운남점,인천 중구 운중로 45 (운남동),중구
인천운남중앙점,인천 중구 운남안길 16 (운남동),중구
인천운서센트럴타워점,"인천 중구 영종대로196번길 15-10 (운서동, 센트럴타워)",중구
인천운서점,인천 중구 운서3로 1 (운서동),중구
인천운서카페거리점,인천 중구 햇내로안길 6 (운서동),중구
인천월미도점,인천 중구 월미로234번길 12 (북성동1가),중구
인천을왕리점,인천 중구 을왕로 10 (을왕동),중구
인천차이나타운점,인천 중구 차이나타운로44번길 25 (북성동2가),중구
김해가야대점,경남 김해시 삼계로 205 (삼계동),김해시
김해갑오점,경남 김해시 계동로 159 (대청동),김해시
김해경원고교점,경남 김해시 우암로 21-1 (외동),김해시
김해관동점,경남 김해시 대청로 58-10 (관동동),김해시
김해내동래미안점,경남 김해시 구지로 54 (내동),김해시
김해내외동점,경남 김해시 내외중앙로 48 (외동),김해시
김해대청동점,"경남 김해시 번화1로44번길 20 (대청동, 위드투빌딩)",김해시
김해동서남북점,경남 김해시 해반천로 32 (구산동),김해시
김해부원동점,"경남 김해시 가락로 19 (부원동, 아름다운 뉴욕 메디컬센터)",김해시
김해삼계동점,경남 김해시 해반천로144번길 35-19 (삼계동),김해시
김해삼계해반천점,경남 김해시 가야로22번길 3-4 (삼계동),김해시
김해삼정점,경남 김해시 활천로36번길 34-4 (삼정동),김해시
김해서부문화센터점,경남 김해시 율하2로 218 (율하동),김해시
김해시청점,경남 김해시 호계로422번길 16 (부원동),김해시
김해아이스퀘어점,경남 김해시 김해대로 2342 (부원동),김해시
김해어방동점,경남 김해시 인제로 89 (어방동),김해시
김해여고점,경남 김해시 구지로 158 (대성동),김해시
김해연지공원점,경남 김해시 금관대로1368번길 4 (내동),김해시
김해외동사거리점,경남 김해시 금관대로 1165 (외동),김해시
김해율하원메이저점,경남 김해시 율하로 474 (장유동),김해시
김해율하중앙점,경남 김해시 율하3로 38 (율하동),김해시
김해율하카페거리점,경남 김해시 율하3로91번길 42-2 (관동동),김해시
김해인제대점,경남 김해시 인제로 176 (어방동),김해시
김해장유점,경남 김해시 능동로155번길 10-5 (부곡동),김해시
김해젤미마을점,"경남 김해시 번화1로80번길 5 (대청동, 메카메디칼빌딩)",김해시
김해주촌점,경남 김해시 주촌면 선천남로 41 (선지리),김해시
김해지내동점,"경남 김해시 분성로727번길 2 (지내동, 대호빌딩)",김해시
김해한림점,경남 김해시 한림면 김해대로 1464,김해시
김해홈플러스점,"경남 김해시 김해대로 2078 (내동, 삼성홈플러스)",김해시
김해흥동점,경남 김해시 흥동로 42 (흥동),김해시
밀양가곡점,경남 밀양시 가곡4길 15 (가곡동),밀양시
밀양내이동점,경남 밀양시 중앙로 381 (내이동),밀양시
밀양삼랑진점,경남 밀양시 삼랑진읍 천태로 12 (송지리),밀양시
밀양삼문동점,경남 밀양시 미리벌로2길 20 (삼문동),밀양시
밀양시청점,경남 밀양시 시청로1길 4 (내이동),밀양시
사천사주리점,경남 사천시 정동면 진삼로 1414 (고읍리),사천시
사천선진점,경남 사천시 용현면 진삼로 953-6 (선진리),사천시
사천시청점,경남 사천시 용현면 용현로 31 (덕곡리),사천시
사천실안점,경남 사천시 해안관광로 21 (실안동),사천시
삼천포점,경남 사천시 동금2길 31 (동금동),사천시
경남과학기술대점,경남 진주시 강남로167번길 10 (칠암동),진주시
진주강남동점,경남 진주시 진주대로929번길 15 (강남동),진주시
진주개양오거리점,경남 진주시 가좌길74번길 1 (가좌동),진주시
진주금산점,경남 진주시 금산면 중천로 83 (장사리) 1층,진주시
진주대안동점,경남 진주시 촉석로186번길 6-1 (중안동),진주시
진주보건대점,경남 진주시 창렬로 111 (상봉동),진주시
진주상대동점,경남 진주시 동진로216번길 5 (상대동),진주시
진주신안동점,경남 진주시 진양호로 278 (신안동),진주시
진주윙스타워점,경남 진주시 동부로169번길 12 (충무공동),진주시
진주이현동점,경남 진주시 진주대로 1317-15 (이현동),진주시
진주장대동점,경남 진주시 남강로 690 (장대동),진주시
진주주약동점,경남 진주시 진주대로815번길 14 (주약동),진주시
진주초전중앙점,경남 진주시 초북로 36 (초전동),진주시
진주충무공동점,경남 진주시 사들로156번길 7 (충무공동),진주시
진주평거동점,경남 진주시 평거로 14 (평거동),진주시
진주평거엠코점,경남 진주시 새들말로 28 (평거동),진주시
진주평거판문점,경남 진주시 진양호로28번길 21 (평거동),진주시
진주하대동점,경남 진주시 도동로 241 (하대동),진주시
진주혁신소호점,경남 진주시 범골로54번길 17 (충무공동),진주시
진주혁신중앙점,경남 진주시 사들로 83 (충무공동),진주시
진주혁신크리스탈점,경남 진주시 에나로77번길 4 (충무공동),진주시
진주호탄동점,경남 진주시 강변길 5 (호탄동),진주시
경남대점,경남 창원시 마산합포구 월영동4길 10 (해운동),창원시
마산경남데파트점,"경남 창원시 마산합포구 3.15대로 255 (중앙동3가, 경남데파트)",창원시
마산고속터미널점,"경남 창원시 마산회원구 합포로 292 (양덕동, 대화빌딩)",창원시
마산내서중리점,경남 창원시 마산회원구 내서읍 중리2길 47 (중리),창원시
마산메트로시티점,"경남 창원시 마산회원구 삼호로 80 (양덕동, 메트로시티 2단지)",창원시
마산불종거리점,경남 창원시 마산합포구 불종거리로 27 (중성동),창원시
마산삼계점,경남 창원시 마산회원구 내서읍 삼계로 45-1 (삼계리),창원시
마산석전동점,경남 창원시 마산회원구 석전동로 7 (석전동),창원시
마산어시장점,"경남 창원시 마산합포구 해안대로 331 (남성동, 한백마리나타운)",창원시
마산역광장점,경남 창원시 마산회원구 마산역광장로 12 (석전동),창원시
마산중앙동점,경남 창원시 마산합포구 3.15대로 156 (중앙동2가),창원시
마산합성동점,"경남 창원시 마산회원구 3.15대로 741 (합성동, 이정호치과)",창원시
마산현동점,경남 창원시 마산합포구 현동1길 4-14 (현동),창원시
진해남문점,경남 창원시 진해구 남영로 64 (남문동),창원시
진해미래쇼핑점,"경남 창원시 진해구 진해대로 762 (석동, 롯데마트)",창원시
진해석동점,"경남 창원시 진해구 냉천로 63 (석동, city&country)",창원시
진해장천점,경남 창원시 진해구 충장로657번길 30 (장천동),창원시
진해중앙점,경남 창원시 진해구 충장로 94 (충무동),창원시
창원가음로점,경남 창원시 성산구 가음로 107 (남양동),창원시
창원감계점,경남 창원시 의창구 북면 감계로110번길 11-4 (감계리),창원시
창원경남도청점,경남 창원시 의창구 상남로 250 (신월동),창원시
창원남산터미널점,경남 창원시 성산구 정동로162번길 61 (남산동),창원시
창원남양점,"경남 창원시 성산구 가음로15번길 52 (남양동, 성원2차아파트)",창원시
창원대원점,경남 창원시 의창구 두대로 43 (대원동),창원시
창원대중앙점,경남 창원시 의창구 용동로83번안길 36 (사림동),창원시
창원명서점,경남 창원시 의창구 명지로 91 (명서동),창원시
창원반지동점,"경남 창원시 성산구 원이대로393번길 21 (반지동, 인화상가)",창원시
창원봉곡동점,경남 창원시 의창구 원이대로 259 (봉곡동),창원시
창원봉림점,경남 창원시 의창구 대봉로26번길 4-5 (봉림동),창원시
창원상남중앙점,경남 창원시 성산구 마디미로4번길 5 (상남동),창원시
창원상남햇살점,"경남 창원시 성산구 마디미로64번길 13 (상남동, 재성빌딩)",창원시
창원소답동점,"경남 창원시 의창구 읍성로 59 (소답동, 송원상가)",창원시
창원시민체육관점,경남 창원시 성산구 원이대로682번길 14 (상남동),창원시
창원어반브릭스점,"경남 창원시 의창구 중동중앙로 47 (중동, 어반브릭스)",창원시
창원온천점,"경남 창원시 성산구 동산로65번길 24 (상남동, 종로엠스쿨)",창원시
창원이마트점,경남 창원시 성산구 원이대로 608 (중앙동),창원시
창원점,"경남 창원시 의창구 용지로169번길 13 (용호동, 라이크빌-1)",창원시
창원중동점,경남 창원시 의창구 남산로 87 (서상동),창원시
창원팔용점,경남 창원시 의창구 팔용로443번길 4 (팔용동),창원시
창원홈플러스점,"경남 창원시 의창구 창원대로 415 (팔용동, 삼성홈플러스)",창원시
통영도남로점,경남 통영시 도남로 316 (도남동),통영시
통영동피랑점,경남 통영시 동문로 3 (태평동),통영시
통영무전동점,경남 통영시 무전6길 25 (무전동),통영시
통영죽림점,경남 통영시 광도면 죽림해안로 64-6 (죽림리),통영시
거제계룡점,경남 거제시 계룡로 62 (상동동),거제시
거제고현점,경남 거제시 거제중앙로29길 13 (고현동),거제시
거제고현중앙점,"경남 거제시 거제중앙로24길 13 (고현동, 도영빌딩)",거제시
거제상동점,경남 거제시 상동5길 25 (상동동),거제시
거제서정점,경남 거제시 거제면 거제남서로 3471 (서정리),거제시
거제아주동점,경남 거제시 아주1로2길 26-1 (아주동),거제시
거제옥포동점,"경남 거제시 옥포성안로 27 (옥포동, C.S BeverlyHills3)",거제시
거제장목점,경남 거제시 장목면 옥포대첩로 1143 (시방리),거제시
거제장평점,경남 거제시 장평로 20 (장평동),거제시
거제중곡점,경남 거제시 중곡로3길 28 (고현동),거제시
거제지세포성점,경남 거제시 일운면 지세포해안로 244 (지세포리),거제시
양산가촌점,경남 양산시 물금읍 백호로 34 (가촌리),양산시
양산금산점,경남 양산시 동면 금오3길 10 (금산리),양산시
양산남부점,경남 양산시 삼일로 67 (북부동),양산시
양산덕계점,경남 양산시 덕계로 61 (덕계동),양산시
양산매곡점,경남 양산시 외산길 47 (덕계동),양산시
양산물금초교점,경남 양산시 물금읍 황산로 453 (가촌리),양산시
양산범어점,경남 양산시 물금읍 화합4길 6-1 (범어리),양산시
양산북정점,"경남 양산시 북정로 17 (북정동, EDIYA COFFEE)",양산시
양산사송점,경남 양산시 동면 내송내안1길 33 (내송리),양산시
양산상북점,"경남 양산시 상북면 반회서5길 7 (석계리, 햇님숯불산꼼장어전문점)",양산시
양산서창점,경남 양산시 삼호1길 41 (삼호동),양산시
양산소주점,경남 양산시 소주회야로 45-40 (소주동),양산시
양산신기동점,"경남 양산시 중앙로 248 (신기동, 예호빌딩)",양산시
양산역점,경남 양산시 양산역7길 14 (중부동),양산시
양산평산동점,경남 양산시 평산북1길 11 (평산동),양산시
경산계양점,경북 경산시 원효로 142 (계양동),경산시
경산대평임당점,경북 경산시 경안로65길 5-8 (대평동),경산시
경산사동점,경북 경산시 백자로 117 (사동),경산시
경산신대부적점,경북 경산시 압량읍 압독3로 15 (신대리),경산시
경산오거리점,경북 경산시 경안로 186 (중방동),경산시
경산정평점,경북 경산시 대학로13길 89 (정평동),경산시
경산진량점,경북 경산시 진량읍 공단로 479 (신상리),경산시
경산하양금락점,경북 경산시 하양읍 대학로295길 14 (금락리),경산시
경산홈플러스점,경북 경산시 경안로 288 (중방동),경산시
영남대점,경북 경산시 청운로 18 (대동),경산시
경주건천점,경북 경주시 건천읍 건천천남길 12 (조전리),경주시
경주금장점,경북 경주시 현곡면 용담로 181,경주시
경주동국대병원점,"경북 경주시 동대로 87 (석장동, 동국대학교 경주병원)",경주시
경주동국대점,경북 경주시 금성로 413 (성건동),경주시
경주동문로점,경북 경주시 동문로 91 (성건동),경주시
경주동천동점,경북 경주시 양정로290번길 12 (동천동),경주시
경주동천현대점,경북 경주시 동천로49번길 3 (동천동),경주시
경주보문지티랜드점,경북 경주시 보문로 465-67 (신평동),경주시
경주북군점,경북 경주시 북군3길 9-2 (북군동),경주시
경주불국점,경북 경주시 산업로 2984 (시래동),경주시
경주석장점,경북 경주시 석장길 59-2 (석장동),경주시
경주성동점,경북 경주시 알천남로 232 (성동동),경주시
경주성동중앙점,경북 경주시 원화로 287 (성동동),경주시
경주시외터미널점,경북 경주시 강변로 184 (노서동),경주시
경주안강점,경북 경주시 안강읍 안강중앙로 184,경주시
경주알천점,경북 경주시 탈해로52번길 15 (동천동),경주시
경주외동공단점,경북 경주시 외동읍 내외로 10,경주시
경주용강동점,경북 경주시 승삼북길 27 (용강동),경주시
경주용황점,경북 경주시 용황로7길 19 (용강동),경주시
경주월성점,경북 경주시 금성로 279-2 (성건동),경주시
경주입실점,경북 경주시 외동읍 산업로 2183 (구어리),경주시
경주점,경북 경주시 화랑로 101 (동부동),경주시
경주충효서라벌점,경북 경주시 충효녹지길 58-2 (충효동),경주시
경주현곡점,"경북 경주시 현곡면 용담로 548 (하구리, 경주센트럴푸르지오)",경주시
경주홈플러스점,"경북 경주시 공단로 97 (용강동, 홈플러스)",경주시
경주황성동점,경북 경주시 용담로 92 (황성동),경주시
경주황성유림점,경북 경주시 용담로92번길 68 (황성동),경주시
경주황성휴포레점,"경북 경주시 유림로 21 (황성동, 황성협성휴포레)",경주시
국립경주박물관점,"경북 경주시 일정로 186 (인왕동, 국립경주박물관)",경주시
구미구평점,경북 구미시 인동43길 5-7 (구평동),구미시
구미금오산점,경북 구미시 금오산로 180 (남통동),구미시
구미금전워시클럽점,경북 구미시 산호대로 1192-1 (금전동),구미시
구미도량롯데캐슬점,"경북 구미시 문장로 111 (도량동, 도량 롯데캐슬 골드파크)",구미시
구미봉곡점,경북 구미시 야은로 299 (도량동),구미시
구미비산점,경북 구미시 비산로3길 33-21 (비산동),구미시
구미시청점,경북 구미시 송원서로 29 (송정동),구미시
구미역점,경북 구미시 구미중앙로 84 (원평동),구미시
구미옥계동점,경북 구미시 산호대로23길 35 (옥계동),구미시
구미인동점,경북 구미시 인동가산로 14 (진평동),구미시
구미인동중앙점,경북 구미시 인동중앙로6길 39 (인의동),구미시
구미진평점,경북 구미시 인동34길 22 (진평동),구미시
구미차병원점,"경북 구미시 신시로10길 12 (형곡동, 차병원)",구미시
구미확장단지점,경북 구미시 산동면 신당2로 29 (신당리),구미시
구미황상점,경북 구미시 검성로 42-3 (황상동),구미시
동구미이마트점,경북 구미시 이계북로 23 (임수동),구미시
상주시청점,경북 상주시 상산로 243-1 (남성동),상주시
상주이마트점,경북 상주시 경상대로 3141 (만산동),상주시
상주축협점,경북 상주시 상산로 313 (서문동),상주시
경북예천점,경북 예천군 예천읍 효자로 100-1,예천군
예천하나로마트신도청점,"경북 예천군 호명면 수변로 77 (산합리, 예천농협 하나로마트 수변점)",예천군
좋은선린병원점,"경북 포항시 북구 대신로 43 (대신동, 선린병원)",포항시
포항대잠점,경북 포항시 남구 중섬로 10 (대잠동),포항시
포항도시숲점,경북 포항시 북구 학산로11번길 8-1 (학산동),포항시
포항두호동점,경북 포항시 북구 대곡로 47 (두호동),포항시
포항메트로시티점,경북 포항시 북구 창흥로 30 (창포동),포항시
포항법원점,경북 포항시 북구 법원로 177 (양덕동),포항시
포항시청점,경북 포항시 남구 대이로 25 (대잠동),포항시
포항양덕점,경북 포항시 북구 천마로 66 (양덕동),포항시
포항양학점,경북 포항시 북구 양학로17번길 5 (득량동),포항시
포항영일대점,경북 포항시 북구 해안로 115 (두호동),포항시
포항오광장점,경북 포항시 북구 중흥로 175 (죽도동),포항시
포항오천점,경북 포항시 남구 오천읍 원동로 20,포항시
포항용흥점,"경북 포항시 북구 대안길 44 (용흥동, 우방스포츠프라자)",포항시
포항우현동점,경북 포항시 북구 우창동로21번길 6 (우현동),포항시
포항이동골프점,경북 포항시 남구 희망대로 614 (대잠동),포항시
포항이동이마트점,경북 포항시 북구 대이로 188 (득량동),포항시
포항장량점,경북 포항시 북구 장량로 55 (장성동),포항시
포항종합운동장점,경북 포항시 남구 희망대로 811 (대도동),포항시
포항죽도시장점,경북 포항시 북구 죽도시장길 24 (죽도동),포항시
포항충무대체력단련장점,경북 포항시 남구 동해안로 5923 (일월동),포항시
포항항구점,경북 포항시 북구 선착로77번길 13 (항구동),포항시
포항해병1사단점,경북 포항시 남구 오천읍 충무로 70 (용덕리),포항시
포항화진점,경북 포항시 북구 송라면 동해대로3378번길 2 (지경리),포항시
포항효자동점,경북 포항시 남구 효성로 63 (효자동),포항시
문경새재점,경북 문경시 문경읍 새재로 908 (상초리),문경시
문경시청점,경북 문경시 당교로 237 (모전동),문경시
문경점촌역점,"경북 문경시 신흥로 163 (점촌동, 중앙관광)",문경시
김천덕곡점,경북 김천시 영남대로 2010 (덕곡동),김천시
김천부곡점,경북 김천시 부곡맛고을2길 27 (부곡동),김천시
김천시청점,경북 김천시 시청로 107 (신음동),김천시
김천율곡점,경북 김천시 혁신4로 67 (율곡동),김천시
김천혁신도시점,"경북 김천시 혁신3로 26 (율곡동, 드림타워)",김천시
경북도청점,경북 안동시 풍천면 검무로 48 (갈전리),안동시
안동강남점,경북 안동시 강남5길 35 (정하동),안동시
안동대점,경북 안동시 송천2길 78-2 (송천동),안동시
안동송현점,"경북 안동시 송현길 154-17 (송현동, 삼성명가타운1차아파트)",안동시
안동옥동점,경북 안동시 광명로 189 (옥동),안동시
안동점,경북 안동시 문화광장길 65 (삼산동),안동시
안동태화점,경북 안동시 경동로 529-1 (태화동),안동시
안동홈플러스점,"경북 안동시 경동로 656 (운흥동, 홈플러스)",안동시
영천완산점,경북 영천시 시장로 128 (완산동),영천시
영천우로지점,경북 영천시 언하공단로 91-12 (망정동),영천시
영천장천점,경북 영천시 장천길 9 (조교동),영천시
광양덕례점,전남 광양시 광양읍 대림오성로 59 (덕례리),광양시
광양마동점 ,전남 광양시 사동로 180 (마동),광양시
광양시청점,전남 광양시 중마중앙로 149 (중동),광양시
광양중동점,전남 광양시 광장로 103 (중동),광양시
광양체육관점,전남 광양시 희망길 74 (금호동),광양시
광양칠성점,전남 광양시 광양읍 매천로 739 (칠성리),광양시
광양포스코점,"전남 광양시 희망1길 69 (금호동, 금호복지센터)",광양시
광양홈플러스점,"전남 광양시 항만11로 70 (중동, 홈플러스 광양점)",광양시
목포기독병원점,전남 목포시 백년대로297번길 7 (상동),목포시
목포대성점,전남 목포시 양을로 59 (산정동),목포시
목포백련점,전남 목포시 연산백련로7번길 2-14 (연산동),목포시
목포법원점,전남 목포시 후광대로105번길 13 (옥암동),목포시
목포부영점,전남 목포시 옥암로 42 (옥암동),목포시
목포북항점,"전남 목포시 청호로219번길 34-15 (산정동, 목포 북항 씨푸드타운 2차)",목포시
목포상동점,전남 목포시 하당로 264 (옥암동),목포시
목포평화광장점,전남 목포시 미항로 131 (상동),목포시
목포하당점,전남 목포시 비파로51번길 10 (상동),목포시
목포대점,전남 무안군 청계면 도림길 92-2 (도림리),무안군
무안남악롯데마트점,전남 무안군 삼향읍 남악로162번길 80 (남악리),무안군
무안오룡지구점,"전남 무안군 일로읍 오룡번영3로 40 (오룡리, 위드유타워)",무안군
무안점,전남 무안군 무안읍 불무로 28 (성남리),무안군
전남도청점,전남 무안군 삼향읍 대죽동로 43 (남악리),무안군
순천금당동부점,"전남 순천시 기적의도서관1길 21 (조례동, 동부직업전문학교)",순천시
순천금당버드내점,"전남 순천시 대석길 46 (연향동, 비버리휠스 플로클럽)",순천시
순천금당신흥점,"전남 순천시 장선배기길 110 (조례동, BYC)",순천시
순천대점,"전남 순천시 중앙로 255 (석현동, 순천대학교)",순천시
순천대정문점,전남 순천시 중앙로 270 (석현동),순천시
순천법원점,전남 순천시 왕지5길 13-5 (왕지동),순천시
순천서면점,전남 순천시 서면 삼산로 299 (선평리),순천시
순천신대점,전남 순천시 해룡면 신대1길 4-21 (신대리),순천시
순천역점,전남 순천시 팔마로 126 (조곡동),순천시
순천연향2지구점,"전남 순천시 율산길 48 (연향동, 투다리)",순천시
순천연향점,"전남 순천시 연향번영길 102 (연향동, 양천회관)",순천시
순천오천점,전남 순천시 오천5길 8 (오천동),순천시
순천와온해변점,전남 순천시 해룡면 와온길 241 (상내리),순천시
순천왕지점,전남 순천시 왕궁길 25 (조례동),순천시
순천용당점,전남 순천시 삼산로 103-9 (용당동),순천시
순천이마트점,"전남 순천시 팔마로 191 (덕암동, (주)이마트)",순천시
순천조례점,"전남 순천시 봉화2길 96 (조례동, SK빌딩)",순천시
순천조례주공점,"전남 순천시 이수로 281 (조례동, 주공2차아파트)",순천시
순천중앙점,"전남 순천시 연자로 3 (중앙동, 상가)",순천시
순천터미널점,전남 순천시 장천3길 4 (장천동),순천시
순천호수공원점,전남 순천시 왕지4길 21 (왕지동),순천시
여수국동점,전남 여수시 국동남6길 49-10 (국동),여수시
여수대교동점,전남 여수시 대교로 30 (봉산동),여수시
여수도원점,전남 여수시 무선로 55 (선원동),여수시
여수문수하나로마트점,전남 여수시 여문2로 40 (문수동),여수시
여수봉계점,전남 여수시 봉계대곡길 32 (봉계동),여수시
여수선소점,전남 여수시 소호로 614 (학동),여수시
여수소호점,전남 여수시 소호로 481 (소호동),여수시
여수시청점,전남 여수시 시청동1길 17 (학동),여수시
여수신기점,전남 여수시 새터로 61 (신기동),여수시
여수쌍봉점,전남 여수시 흥국로 32 (학동),여수시
여수엑스포점,전남 여수시 오동도로 61-16 (수정동),여수시
여수여서로터리점,전남 여수시 여서로 164 (여서동),여수시
여수여서점,전남 여수시 여서1로 59 (여서동),여수시
여수연등메트하임점,전남 여수시 좌수영로 101 (연등동),여수시
여수웅천디아일랜드점,"전남 여수시 웅천남4로 17 (웅천동, 포레나 여수 웅천 디 아일랜드)",여수시
여수웅천웅동점,전남 여수시 웅천5길 11 (웅천동),여수시
여수주동사거리점,전남 여수시 주동로 126 (주삼동),여수시
여수죽림점,전남 여수시 소라면 죽림2길 34-7 (죽림리),여수시
여수학동점,"전남 여수시 시청로 42 (학동, 진남빌딩)",여수시
여수한재DT점(드라이브스루),전남 여수시 한재로 118 (광무동),여수시
여수해양공원점,전남 여수시 이순신광장로 159 (중앙동),여수시
여수향일암점,전남 여수시 돌산읍 향일암로 70-5 (율림리),여수시
여수화장점,전남 여수시 화산로 42-1 (화장동),여수시
화순삼천리점,전남 화순군 화순읍 쌍충로 27 (삼천리),화순군
화순점,전남 화순군 화순읍 만연로 48-2 (만연리),화순군
나주남평강변점,전남 나주시 남평읍 강변1길 8 (동사리),나주시
나주빛가람종합병원점,"전남 나주시 도민길 24-3 (빛가람동, 에스엠주차타워)",나주시
나주혁신산포하나로마트점,"전남 나주시 한빛로 171 (빛가람동, 산포농협 하나로마트 빛누리점)",나주시
김제금산사점,전북 김제시 금산면 모악로 464 (금산리),김제시
김제점,전북 김제시 금성로 115 (검산동),김제시
김제중앙점,전북 김제시 동서로 171 (요촌동),김제시
김제터미널점,전북 김제시 동서로 241 (요촌동),김제시
남원도통점,전북 남원시 용성로 228 (도통동),남원시
남원중앙점,전북 남원시 남문로 451 (하정동),남원시
동익산점,전북 익산시 평동로 748 (동산동),익산시
원광대점,전북 익산시 익산대로54길 83 (신동),익산시
원광대학생회관점,전북 익산시 익산대로 460 (신동),익산시
익산동산동점,전북 익산시 서동로 126-2 (동산동),익산시
익산모현점,전북 익산시 선화로1길 4 (모현동1가),익산시
익산서해고속점,전북 익산시 무왕로 799 (신용동),익산시
익산송학점,전북 익산시 평동로 509-21 (송학동),익산시
익산시청점,전북 익산시 인북로32길 10 (남중동),익산시
익산어양동점,전북 익산시 무왕로 1135 (어양동),익산시
익산역점,전북 익산시 익산대로 158-1 (중앙동1가),익산시
익산영등동점,전북 익산시 무왕로 1072-1 (영등동),익산시
익산제일점,전북 익산시 고봉로24길 38 (영등동),익산시
익산함열점,전북 익산시 함열읍 미력3길 40 (와리),익산시
정읍상동점,전북 정읍시 중앙로 276 (상동),정읍시
정읍수성점,전북 정읍시 수성로 32 (수성동),정읍시
정읍중앙점,전북 정읍시 중앙로 125 (수성동),정읍시
정읍터미널점,"전북 정읍시 중앙로 32 (연지동, 정읍 시외버스 터미널)",정읍시
군산나운로데오점,전북 군산시 수송로 34 (나운동),군산시
군산나운점,전북 군산시 하나운로 32 (나운동),군산시
군산대점,전북 군산시 황룡로 12 (미룡동),군산시
군산미장점,전북 군산시 미장안길 7 (미장동),군산시
군산산북동점,전북 군산시 동아로 155 (산북동),군산시
군산수송동점,전북 군산시 수송로 174 (수송동),군산시
군산시민문화회관점,"전북 군산시 대학로 316 (나운동, 시민프라자)",군산시
군산신시가지점,전북 군산시 동수송안길 35 (수송동),군산시
군산이마트점,전북 군산시 구암3.1로 137 (경암동),군산시
군산조촌점,전북 군산시 경촌2길 36-2 (조촌동),군산시
군산지곡동점,전북 군산시 계산로 89 (지곡동),군산시
공주시청점,충남 공주시 봉황로 14-1 (봉황동),공주시
공주신관점,충남 공주시 흑수골길 40 (신관동),공주시
공주월송동점,충남 공주시 무령로 592 (월송동),공주시
공주중동점,"충남 공주시 무령로 232 (중동, 우리빌딩)",공주시
동학사점,충남 공주시 반포면 동학사1로 266-16,공주시
건양대점,충남 논산시 은진면 대학로 122 (와야리),논산시
논산내동점,충남 논산시 중앙로 271 (취암동),논산시
논산역점,충남 논산시 해월로 231 (화지동),논산시
논산터미널점,충남 논산시 중앙로422번길 21 (취암동),논산시
대천죽정동점,충남 보령시 지장골길 99 (죽정동),보령시
보령동대점,충남 보령시 작은오랏5길 38 (동대동),보령시
보령시청점,충남 보령시 흥곡천변로 21 (명천동),보령시
보령원산도점,충남 보령시 오천면 원산도3길 66 (원산도리),보령시
대산터미널점,충남 서산시 대산읍 정자동2로 25 (대산리),서산시
서산동문점,충남 서산시 율지8로 66 (동문동),서산시
서산문화회관점,충남 서산시 문화로 49 (읍내동),서산시
서산석림점,충남 서산시 동서1로 51 (석림동),서산시
서산음암점,충남 서산시 음암면 운암로 210 (도당리),서산시
서산터미널점,충남 서산시 안견로 184-8 (동문동),서산시
서산테크노밸리점,충남 서산시 성연면 성연1로 21 (오사리),서산시
서산한서대점,충남 서산시 해미면 한서1로 39 (대곡리),서산시
서산해미점,충남 서산시 해미면 남문2로 116,서산시
서산호수공원점,충남 서산시 호수공원9로 14 (예천동),서산시
남서울대점,"충남 천안시 서북구 성환읍 성진로 55 (성월리, 남경루)",천안시
단국대학생회관점,충남 천안시 동남구 단대로 119 (안서동),천안시
두정역점,"충남 천안시 서북구 1공단1길 52 (두정동, 센트하임프라자)",천안시
백석대북카페점,충남 천안시 동남구 문암로 76 (안서동),천안시
천안두정점,"충남 천안시 서북구 부성6길 8 (두정동, 송이빌딩)",천안시
천안맘마마트점,"충남 천안시 서북구 월봉로 95 (쌍용동, 롯데마트)",천안시
천안메가도매센터점,"충남 천안시 서북구 천안대로 1348 (신당동, 메가마트)",천안시
천안목천점,충남 천안시 동남구 목천읍 목천안터1길 4 (신계리),천안시
천안백석대점,충남 천안시 동남구 문암로 62 (안서동),천안시
천안병천점,충남 천안시 동남구 병천면 아우내순대길 35 (병천리),천안시
천안불당동점,충남 천안시 서북구 불당11로 13 (불당동),천안시
천안불당신도시점,충남 천안시 서북구 불당32길 24 (불당동),천안시
천안상명대점,충남 천안시 동남구 상명대길 32-1 (안서동),천안시
천안성거길점,"충남 천안시 서북구 성거읍 성거길 123 (저리, 대주프라자)",천안시
천안성성동점,충남 천안시 서북구 성성8로 14-20 (성성동),천안시
천안성정점,"충남 천안시 서북구 서부대로 702 (성정동, 세창빌딩)",천안시
천안성정중앙점,"충남 천안시 서북구 성정공원3길 4 (성정동, 학산리젠다빌 3차)",천안시
천안성환점,충남 천안시 서북구 성환읍 성환3로 3-7 (성환리),천안시
천안순천향병원점,충남 천안시 동남구 순천향6길 38 (봉명동),천안시
천안신방동점,충남 천안시 동남구 통정5로 48 (신방동),천안시
천안신방초원점,"충남 천안시 동남구 수곡로 81 (신방동, 신방빌딩)",천안시
천안신불당점,충남 천안시 서북구 불당26로 100-20 (불당동),천안시
천안쌍용중앙점,"충남 천안시 서북구 충무로 172 (쌍용동, 범양건영)",천안시
천안안서점,"충남 천안시 동남구 중암2길 21 (안서동, 지짐이)",천안시
천안양당점,충남 천안시 서북구 직산읍 상덕로 147 (양당리),천안시
천안용암사거리점,"충남 천안시 서북구 쌍용1길 21 (쌍용동, 부강정형외과병원,제일약국)",천안시
천안월봉4로점,"충남 천안시 서북구 월봉11길 21 (쌍용동, 길상트럼프)",천안시
천안입장점,충남 천안시 서북구 입장면 성진로 834 (하장리),천안시
천안직산점,충남 천안시 서북구 직산읍 삼은3길 10 (삼은리),천안시
천안청당동점,충남 천안시 동남구 청수11로 13-21 (청당동),천안시
천안터미널점,충남 천안시 동남구 만남로 42 (신부동),천안시
내포아르페온점,충남 홍성군 홍북읍 상하천로 31,홍성군
충남홍성광천점,충남 홍성군 광천읍 광천로 323 (광천리),홍성군
홍성점,"충남 홍성군 홍성읍 조양로247번길 9 (고암리, 롯데마트, 홍성터미널)",홍성군
홍성중앙점,충남 홍성군 홍성읍 아문길29번길 71-7,홍성군
계룡엄사점,충남 계룡시 엄사면 번영로 20 (엄사리),계룡시
당진기지시점,"충남 당진시 송악읍 반촌로 103 (가학리, 송악e편한세상)",당진시
당진문예의전당점,충남 당진시 시청1로 75 (읍내동),당진시
당진석문산업단지점,충남 당진시 석문면 산단3로9길 10-8 (통정리),당진시
당진유곡점,충남 당진시 송산면 유곡6길 25 (유곡리),당진시
당진읍내동점,충남 당진시 당진중앙2로 221 (읍내동),당진시
당진터미널점,"충남 당진시 당진중앙2로 447 (수청동, G1부경파크빌)",당진시
당진푸르지오점,충남 당진시 북문로1길 22 (읍내동),당진시
충남당진신평점,충남 당진시 신평면 거산3거리길 43 (거산리),당진시
충남당진점,충남 당진시 대덕1로 125-30 (대덕동),당진시
아산고속버스터미널점,"충남 아산시 번영로 223 (모종동, 아산 동양고속터미널 복합시설)",아산시
아산둔포점,충남 아산시 둔포면 둔포중앙로 189 (둔포리),아산시
아산메가마트점,충남 아산시 외암로 1560 (풍기동),아산시
아산배방월천점,충남 아산시 배방읍 월천8길 9-11 (북수리),아산시
아산배방점,충남 아산시 배방읍 모산로 121,아산시
아산삼성7라인점,충남 아산시 탕정면 삼성로 181 (명암리),아산시
아산삼성8라인점,충남 아산시 탕정면 삼성로 181 (명암리),아산시
아산삼성A3점,"충남 아산시 탕정면 탕정로 380-2 (명암리, 삼성SMD)",아산시
아산삼성MOD점,충남 아산시 탕정면 삼성로 181 (명암리),아산시
아산삼성블루홀점,충남 아산시 탕정면 삼성로 181 (명암리),아산시
아산온천동점,충남 아산시 아산로 118-3 (온천동),아산시
아산이마트점,충남 아산시 온천대로 1678 (풍기동),아산시
아산탕정점,충남 아산시 탕정면 탕정면로8번길 83,아산시
아산테크노밸리점,"충남 아산시 둔포면 아산밸리남로 77 (석곡리, 아산테크노밸리이지더원7단지아파트)",아산시
온양온천코레일점,"충남 아산시 온천대로 1496 (온천동, 온양온천역)",아산시
증평송산점,충북 증평군 증평읍 송산로1길 17-25 (송산리),증평군
증평중앙점,충북 증평군 증평읍 광장로 80-1 (창동리),증평군
증평초중점,충북 증평군 증평읍 초중5길 40 (초중리),증평군
서충주점,충북 충주시 중앙탑면 원앙9길 18-1 (용전리),충주시
충주교통대점,충북 충주시 대소원면 대학로 11,충주시
충주문화점,충북 충주시 중원대로 3364 (문화동),충주시
충주성서동점,충북 충주시 성서7길 33 (성서동),충주시
충주연수동점,충북 충주시 갱고개로 162 (연수동),충주시
충주연수중앙점,충북 충주시 번영대로 113 (연수동),충주시
충주용산동점,충북 충주시 남산로 78 (용산동),충주시
충주칠금점,충북 충주시 신립로 80 (칠금동),충주시
충주한스타워점,충북 충주시 국원대로 107 (교현동),충주시
충주호암신도시점,충북 충주시 호암수청2로 25 (호암동),충주시
충주호암점,충북 충주시 사천개로 40 (호암동),충주시
음성금왕산단점,충북 음성군 금왕읍 금왕테크노1길 14 (유촌리),음성군
충북금왕점,충북 음성군 금왕읍 무극로 274,음성군
충북대소점,충북 음성군 대소면 대금로 528 (태생리),음성군
충북음성삼성점,충북 음성군 삼성면 덕정로30번길 7-2 (덕정리),음성군
충북음성원남산단점,충북 음성군 원남면 원남산단1길 22 (상당리),음성군
충북음성점,충북 음성군 음성읍 수정로 26 (읍내리),음성군
충북혁신도시점,충북 음성군 맹동면 대하로 265,음성군
제천강저점,"충북 제천시 강저로11나길 13 (강제동, 센트럴코아루)",제천시
제천고명점,충북 제천시 고명로 6-8 (강제동),제천시
제천고암점,충북 제천시 용두천로46길 27 (고암동),제천시
제천시청점,충북 제천시 원뜰로 24 (천남동),제천시
제천왕암점,충북 제천시 소새로7길 10 (왕암동),제천시
제천의림점,충북 제천시 칠성로 74 (의림동),제천시
제천의림지DI점,충북 제천시 의림대로47길 32 (모산동),제천시
제천장락DI본점,충북 제천시 장락로 185-5 (장락동),제천시
제천장락중앙점,"충북 제천시 내토로57길 19 (장락동, 장락파라디아)",제천시
제천중앙점,충북 제천시 의림대로 112 (중앙로1가),제천시
제천청전동점,충북 제천시 의림대로29길 22 (청전동),제천시
제천하소점,충북 제천시 용두대로15길 18-3 (하소동),제천시
광혜원점,충북 진천군 광혜원면 중리1길 32-5,진천군
진천혁신점,충북 진천군 덕산면 공원로 4 (두촌리),진천군
충북진천대교점,"충북 진천군 진천읍 백사천길 47 (읍내리, 울엄마양평해장국)",진천군
충북진천점,충북 진천군 진천읍 상산로 70,진천군
서귀포동홍점,제주특별자치도 서귀포시 동홍동로 9 (동홍동),서귀포시
서귀포위미점,제주특별자치도 서귀포시 남원읍 태위로 88 (위미리),서귀포시
서귀포이마트점,"제주특별자치도 서귀포시 일주동로 9209 (법환동, 이마트서귀포점)",서귀포시
제주남원점,제주특별자치도 서귀포시 남원읍 남태해안로 135 (남원리),서귀포시
제주노형점,제주특별자치도 제주시 달마루길 10-1 (노형동),제주시
제주삼도점,제주특별자치도 제주시 서사로 90 (삼도일동),제주시
제주삼화점,제주특별자치도 제주시 건주로 66 (도련일동),제주시
제주성읍점,"제주특별자치도 서귀포시 표선면 번영로 2644 (성읍리, 트릭아트뮤지엄)",서귀포시
제주시청고산동산점,"제주특별자치도 제주시 중앙로 264 (이도이동, 위드빌)",제주시
제주아라스위첸점,제주특별자치도 제주시 아란7길 13 (아라일동),제주시
제주연동점,제주특별자치도 제주시 신광로 27 (연동),제주시
제주연북로점,제주특별자치도 제주시 연북로 34 (노형동),제주시
제주외도점,제주특별자치도 제주시 우정로5길 4 (외도일동),제주시
제주중문관광로점,제주특별자치도 서귀포시 중문관광로 348 (중문동),서귀포시
제주중문점,제주특별자치도 서귀포시 중문관광로 42 (색달동),서귀포시
제주중앙점,제주특별자치도 제주시 관덕로13길 2 (일도일동),제주시
제주하귀점,"제주특별자치도 제주시 애월읍 하귀9길 29 (하귀1리, 입곱별)",제주시
제주한림점,"제주특별자치도 제주시 한림읍 한림로 711 (대림리, 정다운아파트)",제주시
제주함덕해수욕장점,제주특별자치도 제주시 조천읍 함덕19길 9 (함덕리),제주시
제주화북점,제주특별자치도 제주시 동화로 12 (화북일동),제주시
세종고려대점,"세종특별자치시 조치원읍 세종로 2511 (서창리, 고려대학교세종캠퍼스)",조치원읍
세종대명벨리온점,"세종특별자치시 집현중앙7로 6 (집현동, 지식산업센터)",집현중앙7로
세종시갈매점,"세종특별자치시 갈매로 353 (어진동, 에비뉴힐)",갈매로
세종시고운동점,"세종특별자치시 마음로 67 (고운동, 가락마을1단지)",마음로
세종시나성동점,"세종특별자치시 나성북1로 12 (나성동, 메가타워2)",나성북1로
세종시다정동점 ,"세종특별자치시 다정중앙로 51 (다정동, 더다정빌딩)",다정중앙로
세종시대평동점,"세종특별자치시 시청대로 35 (대평동, 시드니힐)",시청대로
세종시도담동점,"세종특별자치시 보듬4로 9 (도담동, 도램마을11단지)",보듬4로
세종시립도서관점,"세종특별자치시 세종로 1219 (고운동, 세종중앙타워)",세종로
세종시반곡동점,"세종특별자치시 한누리대로 1820 (반곡동, 왕관빌딩)",한누리대로
세종시부강점,세종특별자치시 부강면 청연로 123 (부강리),부강면
세종시새롬동점,"세종특별자치시 새롬중앙로 33 (새롬동, 새뜸프라자)",새롬중앙로
세종시소담동점,"세종특별자치시 소담1로 12 (소담동, 지엘플렉스1)",소담1로
세종시아름동점,세종특별자치시 보듬3로 100 (아름동),보듬3로
세종시어진동점,세종특별자치시 도움8로 11-11 (어진동),도움8로
세종시조치원점,세종특별자치시 조치원읍 조치원로 19-2 (원리),조치원읍
세종시첫마을점,"세종특별자치시 나리1로 15 (한솔동, 첫마을3단지)",나리1로
세종시청점,"세종특별자치시 호려울로 45 (보람동, 금남프라자)",호려울로
조치원죽림점,세종특별자치시 조치원읍 세종로 2282 (죽림리),조치원읍
조치원침산점,세종특별자치시 조치원읍 행복11길 6,조치원읍
